f4:d9:fb:d0:0c:a4,AP_1
f4:d9:fb:d6:31:4a,AP_2
f4:d9:fb:d0:3a:62,AP_3
f4:d9:fb:d6:09:4c,AP_4
f4:d9:fb:d2:7e:0e,AP_5
00:26:66:c5:e0:c8,AP_6
f4:d9:fb:d6:09:4b,AP_7
f4:d9:fb:d3:eb:0c,AP_8
20:db:ab:92:a7:2e,AP_9
c6:a5:11:98:c6:00,AP_10
20:db:ab:92:9a:64,AP_11
f4:d9:fb:d0:0f:29,AP_12
f4:d9:fb:d6:31:46,AP_13
f4:d9:fb:d4:2e:4d,AP_14
f4:d9:fb:d3:ea:8a,AP_15
00:26:66:86:e7:a8,AP_16
f4:d9:fb:cf:fa:a9,AP_17
f4:d9:fb:d6:02:8a,AP_18
f4:d9:fb:d0:63:6c,AP_19
f4:d9:fb:d0:44:e5,AP_20
f4:d9:fb:cf:97:62,AP_21
f4:d9:fb:d0:66:ec,AP_22
f4:d9:fb:d6:02:83,AP_23
70:5d:cc:01:ec:bc,AP_24
88:36:6c:1d:cd:d0,AP_25
f4:d9:fb:cf:ce:69,AP_26
f4:d9:fb:cf:b2:64,AP_27
82:2b:f9:0f:6f:63,AP_28
f4:d9:fb:d0:67:29,AP_29
f4:d9:fb:d3:ea:4b,AP_30
f4:d9:fb:cf:fa:e6,AP_31
f4:d9:fb:cf:9f:aa,AP_32
86:25:19:b5:e3:74,AP_33
54:a0:50:d8:20:68,AP_34
f4:d9:fb:d6:2c:cd,AP_35
f4:d9:fb:d0:0c:aa,AP_36
f4:d9:fb:d3:eb:01,AP_37
f4:d9:fb:cf:f1:66,AP_38
f4:d9:fb:d0:13:a5,AP_39
c8:9c:1d:aa:91:c1,AP_40
be:e9:2f:d4:9b:15,AP_41
f4:d9:fb:cf:97:6e,AP_42
f4:d9:fb:cf:b6:2e,AP_43
f4:d9:fb:cf:fa:a3,AP_44
b4:fc:75:14:7d:a3,AP_45
f4:d9:fb:cf:aa:ac,AP_46
90:9f:33:38:e0:f8,AP_47
f4:d9:fb:d0:0c:a5,AP_48
f4:d9:fb:d0:3b:6d,AP_49
f4:d9:fb:d2:8e:05,AP_50
f4:d9:fb:cf:d0:aa,AP_51
f4:d9:fb:d0:65:21,AP_52
f4:d9:fb:d0:3a:61,AP_53
f4:d9:fb:d6:2c:cc,AP_54
f4:d9:fb:d0:60:ae,AP_55
f4:d9:fb:cf:aa:a2,AP_56
70:5d:cc:72:2d:1e,AP_57
88:36:6c:13:22:d0,AP_58
f4:d9:fb:d3:ec:03,AP_59
f4:d9:fb:d0:39:6e,AP_60
f4:d9:fb:d0:12:a5,AP_61
f4:d9:fb:d2:7f:4a,AP_62
f4:d9:fb:d0:62:ab,AP_63
f4:d9:fb:d2:7f:49,AP_64
f4:d9:fb:cf:aa:a1,AP_65
c8:9c:1d:aa:91:c8,AP_66
f4:d9:fb:d3:ea:4e,AP_67
90:9f:33:8b:94:78,AP_68
f4:d9:fb:cf:b2:6d,AP_69
f4:d9:fb:d3:eb:03,AP_70
f4:d9:fb:d4:2d:c1,AP_71
f4:d9:fb:d2:8d:c9,AP_72
f4:d9:fb:d0:3b:e1,AP_73
f4:d9:fb:cf:95:e5,AP_74
f4:d9:fb:d4:2e:8a,AP_75
f4:d9:fb:d0:38:ad,AP_76
f4:d9:fb:d6:04:86,AP_77
f4:d9:fb:c7:85:0d,AP_78
f4:d9:fb:d0:44:ea,AP_79
f4:d9:fb:cf:f1:62,AP_80
f4:d9:fb:d9:a7:e1,AP_81
f4:d9:fb:c7:6c:82,AP_82
f4:d9:fb:d4:28:4c,AP_83
f4:d9:fb:d2:67:0d,AP_84
f4:d9:fb:d0:45:26,AP_85
f4:d9:fb:d2:7e:ce,AP_86
f4:d9:fb:cf:d1:ac,AP_87
f4:d9:fb:d0:62:a3,AP_88
f4:d9:fb:c7:6c:86,AP_89
f4:d9:fb:d6:31:44,AP_90
f4:d9:fb:d0:14:69,AP_91
f4:d9:fb:d6:0a:4e,AP_92
f4:d9:fb:d6:0a:43,AP_93
f4:d9:fb:d2:7c:44,AP_94
40:b0:76:58:61:14,AP_95
f4:d9:fb:d6:2d:03,AP_96
f4:d9:fb:d2:67:41,AP_97
f4:d9:fb:d2:8e:01,AP_98
f4:d9:fb:d0:0f:24,AP_99
f4:d9:fb:cf:ce:2e,AP_100
f4:d9:fb:d0:38:e9,AP_101
f4:d9:fb:d0:62:a9,AP_102
e0:5f:b9:a3:5d:36,AP_103
f4:d9:fb:d0:13:a4,AP_104
88:36:6c:4e:75:5e,AP_105
f4:d9:fb:cf:d9:29,AP_106
72:5d:cc:41:7c:a0,AP_107
20:db:ab:92:9a:6c,AP_108
74:da:da:49:75:7a,AP_109
f4:d9:fb:d0:14:6a,AP_110
f4:d9:fb:d0:3a:ac,AP_111
88:36:6c:4e:98:88,AP_112
20:db:ab:92:99:e5,AP_113
f4:d9:fb:cf:fa:eb,AP_114
f4:d9:fb:cf:b2:6c,AP_115
f4:d9:fb:d0:66:e4,AP_116
f4:d9:fb:cf:d1:a9,AP_117
f4:d9:fb:d2:7e:0c,AP_118
f4:d9:fb:cf:fa:aa,AP_119
f4:d9:fb:cf:ce:25,AP_120
20:db:ab:92:99:ec,AP_121
f4:d9:fb:d6:39:0e,AP_122
7c:c3:a1:a0:35:d6,AP_123
f4:d9:fb:d2:67:44,AP_124
ae:f1:08:01:c2:43,AP_125
f4:d9:fb:cf:b6:21,AP_126
f4:d9:fb:cf:b6:e5,AP_127
f4:d9:fb:d0:65:2d,AP_128
f4:d9:fb:d2:66:c5,AP_129
f4:d9:fb:d6:2d:0a,AP_130
f4:d9:fb:d6:0a:4c,AP_131
f4:d9:fb:c7:86:89,AP_132
88:36:6c:14:c5:e4,AP_133
f4:d9:fb:cf:ce:62,AP_134
f4:d9:fb:d0:3a:6c,AP_135
f4:d9:fb:cf:b2:2e,AP_136
88:36:6c:13:8d:06,AP_137
02:15:99:e9:45:ad,AP_138
f4:d9:fb:d2:82:c1,AP_139
20:db:ab:92:a7:23,AP_140
f4:d9:fb:d6:39:0d,AP_141
f4:d9:fb:d0:21:eb,AP_142
f4:d9:fb:d6:2e:09,AP_143
f4:d9:fb:d6:01:09,AP_144
f4:d9:fb:d0:24:2b,AP_145
f4:d9:fb:d0:0c:ac,AP_146
88:36:6c:1d:c4:38,AP_147
f4:d9:fb:d0:22:ad,AP_148
74:da:da:49:75:7c,AP_149
f4:d9:fb:cf:fc:6e,AP_150
f4:d9:fb:d0:3a:a1,AP_151
f4:d9:fb:d2:67:05,AP_152
f4:d9:fb:d0:18:ae,AP_153
20:db:ab:92:74:6d,AP_154
f4:d9:fb:d3:ec:02,AP_155
00:26:66:fd:11:d4,AP_156
70:5d:cc:0c:03:10,AP_157
84:c9:b2:67:2a:cc,AP_158
f4:d9:fb:cf:fa:a5,AP_159
70:5d:cc:32:86:fc,AP_160
f4:d9:fb:d2:8e:0c,AP_161
20:db:ab:92:74:65,AP_162
f4:d9:fb:d0:13:6b,AP_163
f4:d9:fb:cf:d9:2d,AP_164
78:54:2e:4c:ee:72,AP_165
f4:d9:fb:d0:14:6c,AP_166
f4:d9:fb:d6:23:4e,AP_167
f4:d9:fb:d4:2f:c6,AP_168
86:25:19:a4:23:b6,AP_169
70:5d:cc:7f:29:26,AP_170
00:26:66:fb:3e:f8,AP_171
f4:d9:fb:d0:14:2a,AP_172
f4:d9:fb:d3:ec:09,AP_173
04:5e:a4:47:53:35,AP_174
88:36:6c:9c:66:54,AP_175
f4:d9:fb:d0:0c:a2,AP_176
20:db:ab:92:a6:43,AP_177
f4:d9:fb:cf:97:6c,AP_178
f4:d9:fb:cf:cd:61,AP_179
f4:d9:fb:d4:2f:c1,AP_180
70:5d:cc:e5:05:b6,AP_181
f4:d9:fb:c7:6c:81,AP_182
f4:d9:fb:d2:6e:ca,AP_183
e0:5f:b9:a3:5d:35,AP_184
f4:d9:fb:cf:b2:2b,AP_185
f4:d9:fb:cf:cd:29,AP_186
f4:d9:fb:d0:3b:ab,AP_187
f4:d9:fb:cf:fc:64,AP_188
f4:d9:fb:d0:41:a1,AP_189
f4:d9:fb:d2:67:09,AP_190
f4:d9:fb:c7:67:84,AP_191
f4:d9:fb:d0:41:a2,AP_192
f4:d9:fb:d6:01:03,AP_193
f4:d9:fb:cf:95:e9,AP_194
88:36:6c:de:cd:2a,AP_195
f4:d9:fb:cf:8d:21,AP_196
90:9f:33:be:85:94,AP_197
f4:d9:fb:cf:ce:6e,AP_198
2a:56:5a:21:83:62,AP_199
90:9f:33:b0:b8:40,AP_200
f4:d9:fb:d9:a7:e2,AP_201
f4:d9:fb:cf:d2:ec,AP_202
f4:d9:fb:d3:ea:89,AP_203
4c:ed:fb:38:25:b4,AP_204
f4:d9:fb:d6:2d:41,AP_205
f4:d9:fb:d9:a7:e6,AP_206
f4:d9:fb:d6:31:45,AP_207
20:db:ab:92:a1:2d,AP_208
f4:d9:fb:d2:7e:01,AP_209
f4:d9:fb:cf:a6:25,AP_210
00:30:0d:ab:de:ce,AP_211
f4:d9:fb:cf:d0:a5,AP_212
f4:d9:fb:d6:23:44,AP_213
f4:d9:fb:cf:b6:ed,AP_214
f4:d9:fb:d0:18:a5,AP_215
f4:d9:fb:d6:30:8b,AP_216
f4:d9:fb:d6:23:4c,AP_217
f4:d9:fb:c7:69:09,AP_218
f4:d9:fb:d0:38:e3,AP_219
f4:d9:fb:d0:44:e6,AP_220
f4:d9:fb:d6:45:c1,AP_221
f4:d9:fb:d0:3a:a3,AP_222
70:5d:cc:2d:b1:a4,AP_223
f4:d9:fb:d0:46:ad,AP_224
f4:d9:fb:d0:12:a1,AP_225
f4:d9:fb:d2:8d:c5,AP_226
20:db:ab:92:71:c2,AP_227
f4:d9:fb:d0:0f:2a,AP_228
f4:d9:fb:d0:0a:aa,AP_229
5e:c5:d4:8d:97:cb,AP_230
f4:d9:fb:d2:7e:c9,AP_231
f4:d9:fb:d0:41:a6,AP_232
f4:d9:fb:d0:3b:65,AP_233
f4:d9:fb:d0:62:a6,AP_234
f4:d9:fb:d0:12:ab,AP_235
f4:d9:fb:d3:ea:85,AP_236
f4:d9:fb:d6:2d:05,AP_237
f4:d9:fb:d0:0a:22,AP_238
f4:d9:fb:d0:38:ae,AP_239
f4:d9:fb:d3:ec:0b,AP_240
70:5d:cc:6b:43:48,AP_241
20:db:ab:92:a1:21,AP_242
f4:d9:fb:d0:0a:29,AP_243
d8:47:32:84:b4:7f,AP_244
f4:d9:fb:d2:82:ce,AP_245
f4:d9:fb:d0:38:e2,AP_246
f4:d9:fb:cf:cd:64,AP_247
70:5d:cc:5f:60:9a,AP_248
f4:d9:fb:cf:d2:e5,AP_249
f4:d9:fb:d3:f0:0c,AP_250
72:5d:cc:c6:45:60,AP_251
f4:d9:fb:c7:67:8d,AP_252
f4:d9:fb:d2:6e:cd,AP_253
20:db:ab:92:a1:2a,AP_254
f4:d9:fb:d6:23:46,AP_255
f4:d9:fb:cf:d1:ab,AP_256
70:5d:cc:e5:6a:76,AP_257
88:36:6c:a1:7f:18,AP_258
f4:d9:fb:d0:0c:a9,AP_259
20:db:ab:92:9e:62,AP_260
64:e5:99:d2:09:f2,AP_261
f4:d9:fb:cf:b0:ae,AP_262
f4:d9:fb:c7:6c:8a,AP_263
f4:d9:fb:cf:b6:25,AP_264
f4:d9:fb:cf:9f:a2,AP_265
f0:2f:74:42:c7:e8,AP_266
f4:d9:fb:cf:a6:2e,AP_267
90:9f:33:83:cd:2b,AP_268
20:db:ab:92:95:6d,AP_269
f4:d9:fb:cf:97:6a,AP_270
f4:d9:fb:cf:87:e6,AP_271
f4:d9:fb:d0:05:2d,AP_272
f4:d9:fb:d0:13:66,AP_273
f4:d9:fb:d0:45:2e,AP_274
70:5d:cc:2e:5a:2c,AP_275
20:db:ab:92:99:ee,AP_276
f4:d9:fb:d0:13:65,AP_277
f4:d9:fb:d0:3d:6a,AP_278
f4:d9:fb:cf:aa:a5,AP_279
d8:07:b6:76:28:66,AP_280
f4:d9:fb:d2:8e:0e,AP_281
f4:d9:fb:d3:eb:04,AP_282
f4:d9:fb:cf:8d:29,AP_283
f4:d9:fb:d0:66:e5,AP_284
90:9f:33:a3:ec:20,AP_285
88:36:6c:67:f6:02,AP_286
f4:d9:fb:d2:7c:4c,AP_287
f4:d9:fb:d6:31:42,AP_288
f4:d9:fb:cf:b6:ea,AP_289
f4:d9:fb:d4:2e:89,AP_290
f4:d9:fb:cf:b6:24,AP_291
20:db:ab:92:a1:26,AP_292
f4:d9:fb:d2:6e:c6,AP_293
f4:d9:fb:d0:3a:a6,AP_294
f4:d9:fb:cf:d3:6e,AP_295
90:9f:33:a2:ac:ae,AP_296
f4:d9:fb:d6:02:8c,AP_297
f4:d9:fb:d2:80:0a,AP_298
a8:5e:45:f2:b7:20,AP_299
f4:d9:fb:cf:b2:63,AP_300
f4:d9:fb:cf:d0:a4,AP_301
f0:2f:74:42:cb:01,AP_302
f4:d9:fb:cf:b6:22,AP_303
88:36:6c:0c:67:1c,AP_304
f4:d9:fb:cf:d6:6b,AP_305
20:db:ab:92:97:c4,AP_306
f4:d9:fb:d0:0a:23,AP_307
f4:d9:fb:d2:8d:ce,AP_308
f4:d9:fb:cf:d9:23,AP_309
f4:d9:fb:d2:67:06,AP_310
f4:d9:fb:cf:ce:2c,AP_311
f4:d9:fb:d0:05:29,AP_312
f4:d9:fb:d6:0a:4b,AP_313
f4:d9:fb:d0:13:ae,AP_314
20:db:ab:92:74:63,AP_315
f4:d9:fb:d2:8e:0d,AP_316
f4:d9:fb:cf:8d:23,AP_317
f4:d9:fb:d2:7c:42,AP_318
f4:d9:fb:cf:d2:66,AP_319
90:cd:b6:5f:88:2c,AP_320
f4:d9:fb:cf:d2:e2,AP_321
f4:d9:fb:d4:28:4e,AP_322
f4:d9:fb:d0:46:a4,AP_323
f4:d9:fb:d0:41:aa,AP_324
f4:d9:fb:d0:3b:e2,AP_325
f4:d9:fb:cf:cd:6c,AP_326
f4:d9:fb:cf:b2:6b,AP_327
f4:d9:fb:c7:86:8b,AP_328
f4:d9:fb:d6:2d:44,AP_329
f4:d9:fb:8a:db:cb,AP_330
f4:d9:fb:d0:3b:ae,AP_331
88:36:6c:13:2b:44,AP_332
d8:47:32:b3:53:0a,AP_333
20:db:ab:92:99:e2,AP_334
f4:d9:fb:cf:8d:26,AP_335
ec:89:14:31:c6:d2,AP_336
f0:2f:74:42:cf:2c,AP_337
40:b0:76:58:61:10,AP_338
f4:d9:fb:8a:e5:8c,AP_339
f4:d9:fb:d3:f0:09,AP_340
f4:d9:fb:cf:b2:6a,AP_341
f4:d9:fb:d0:60:a2,AP_342
f4:d9:fb:cf:d2:6d,AP_343
f4:d9:fb:cf:b0:a6,AP_344
f4:d9:fb:cf:cd:2a,AP_345
50:c7:bf:41:4d:67,AP_346
f4:d9:fb:d0:05:24,AP_347
f4:d9:fb:cf:8d:22,AP_348
f4:d9:fb:cf:d1:a4,AP_349
f4:d9:fb:d6:45:c4,AP_350
f4:d9:fb:d0:0a:2c,AP_351
f4:d9:fb:d0:22:a9,AP_352
f4:d9:fb:d0:0a:ab,AP_353
f4:d9:fb:d2:82:c9,AP_354
f4:d9:fb:d2:8e:03,AP_355
f4:d9:fb:d6:2e:0d,AP_356
aa:a7:95:55:e6:88,AP_357
88:36:6c:a1:90:60,AP_358
f4:d9:fb:cf:d2:ed,AP_359
f4:d9:fb:d2:67:4b,AP_360
1c:c6:3c:b6:1f:31,AP_361
f4:d9:fb:d0:65:26,AP_362
f4:d9:fb:c7:68:ce,AP_363
f4:d9:fb:c7:67:8c,AP_364
f4:d9:fb:d2:82:c4,AP_365
f4:d9:fb:cf:b0:ad,AP_366
f4:d9:fb:d0:05:25,AP_367
20:db:ab:92:a1:24,AP_368
f4:d9:fb:cf:d1:a2,AP_369
90:9f:33:be:85:96,AP_370
f4:d9:fb:cf:d0:ae,AP_371
f4:d9:fb:d0:3b:ed,AP_372
f4:d9:fb:d0:05:23,AP_373
f4:d9:fb:cf:cd:2c,AP_374
f4:d9:fb:d0:12:aa,AP_375
f4:d9:fb:d0:41:a4,AP_376
f4:d9:fb:d2:8d:c4,AP_377
f4:d9:fb:d6:04:84,AP_378
f4:d9:fb:d0:44:eb,AP_379
f4:d9:fb:d4:2f:c3,AP_380
f4:d9:fb:d2:80:0e,AP_381
20:db:ab:92:97:c1,AP_382
12:5b:ad:78:09:54,AP_383
f4:d9:fb:cf:cd:2b,AP_384
90:9f:33:7c:b3:34,AP_385
e0:5f:b9:a3:5d:34,AP_386
f4:d9:fb:d6:02:82,AP_387
88:36:6c:d6:bc:84,AP_388
f4:d9:fb:d0:14:24,AP_389
a8:5e:45:f2:ad:e4,AP_390
20:db:ab:92:71:cc,AP_391
f4:d9:fb:c7:86:8a,AP_392
f4:d9:fb:d0:21:ea,AP_393
f4:d9:fb:d0:66:eb,AP_394
f4:d9:fb:d3:ec:01,AP_395
f4:d9:fb:e7:69:0e,AP_396
00:26:66:c5:49:40,AP_397
f4:d9:fb:cf:95:ea,AP_398
f4:d9:fb:e7:6a:0b,AP_399
f4:d9:fb:d0:44:e3,AP_400
86:25:19:a6:4f:c2,AP_401
f4:d9:fb:d0:3b:6e,AP_402
f4:d9:fb:d0:62:a4,AP_403
f4:d9:fb:d0:39:63,AP_404
f4:d9:fb:cf:d1:e3,AP_405
f4:d9:fb:d6:23:41,AP_406
f4:d9:fb:d0:12:ac,AP_407
f4:d9:fb:cf:d9:24,AP_408
f4:d9:fb:d0:38:a2,AP_409
88:36:6c:86:43:aa,AP_410
f4:d9:fb:d0:3a:69,AP_411
f4:d9:fb:d3:f0:04,AP_412
f4:d9:fb:d2:7e:05,AP_413
f4:d9:fb:d2:80:0d,AP_414
f4:d9:fb:d0:24:2c,AP_415
f4:d9:fb:d3:ea:4a,AP_416
f4:d9:fb:d2:82:c3,AP_417
f4:d9:fb:cf:f1:6d,AP_418
f4:d9:fb:d0:67:26,AP_419
f4:d9:fb:d0:14:23,AP_420
f4:d9:fb:d6:45:c9,AP_421
88:36:6c:57:03:7a,AP_422
f4:d9:fb:d2:7c:46,AP_423
20:db:ab:92:81:0c,AP_424
f4:d9:fb:cf:b0:aa,AP_425
f4:d9:fb:d4:2d:ce,AP_426
f4:d9:fb:d2:67:0e,AP_427
f4:d9:fb:c7:67:8b,AP_428
f4:d9:fb:cf:9f:ae,AP_429
20:db:ab:92:97:c6,AP_430
f4:d9:fb:d0:38:a6,AP_431
88:36:6c:1d:d9:f8,AP_432
20:db:ab:92:81:0a,AP_433
f4:d9:fb:d0:13:6e,AP_434
f4:d9:fb:cf:a6:2c,AP_435
f4:d9:fb:d2:6e:c1,AP_436
64:a5:c3:67:a0:32,AP_437
f4:d9:fb:d2:8d:cb,AP_438
f4:d9:fb:cf:d3:62,AP_439
f4:d9:fb:cf:cd:63,AP_440
f4:d9:fb:d9:ac:2a,AP_441
20:db:ab:92:a6:46,AP_442
f4:d9:fb:cf:d3:6d,AP_443
f4:d9:fb:c7:6c:8e,AP_444
f4:d9:fb:d0:66:e2,AP_445
f4:d9:fb:cf:d1:e4,AP_446
00:08:9f:09:fd:a0,AP_447
f4:d9:fb:d0:0a:a3,AP_448
f4:d9:fb:cf:b2:2d,AP_449
f4:d9:fb:cf:d1:e5,AP_450
f4:d9:fb:d0:14:6e,AP_451
f4:d9:fb:c7:85:0a,AP_452
f4:d9:fb:d6:39:09,AP_453
20:db:ab:92:a7:26,AP_454
f4:d9:fb:c7:85:02,AP_455
f4:d9:fb:d0:46:a2,AP_456
f4:d9:fb:d2:82:ca,AP_457
f4:d9:fb:c7:82:0d,AP_458
f4:d9:fb:cf:d1:ed,AP_459
f4:d9:fb:d2:66:ce,AP_460
f4:d9:fb:d0:38:ec,AP_461
f4:d9:fb:cf:fc:6d,AP_462
88:36:6c:0c:67:1e,AP_463
f4:d9:fb:d0:0f:2e,AP_464
f4:d9:fb:d0:62:ac,AP_465
f4:d9:fb:d0:0a:26,AP_466
f4:d9:fb:d0:63:61,AP_467
f4:d9:fb:d0:45:21,AP_468
f4:d9:fb:d0:0a:a4,AP_469
88:36:6c:c0:01:4e,AP_470
f4:d9:fb:d9:ac:24,AP_471
90:9f:33:bd:50:6e,AP_472
f4:d9:fb:d0:63:6a,AP_473
f4:d9:fb:d9:a7:e3,AP_474
f4:d9:fb:d0:24:23,AP_475
f4:d9:fb:cf:d0:ac,AP_476
f4:d9:fb:c7:86:85,AP_477
f4:d9:fb:d6:2e:01,AP_478
f4:d9:fb:cf:ce:6b,AP_479
70:5d:cc:c2:1c:48,AP_480
f4:d9:fb:d2:8d:c2,AP_481
f4:d9:fb:d0:14:2b,AP_482
f4:d9:fb:cf:d1:a3,AP_483
f4:d9:fb:d0:3b:ee,AP_484
88:36:6c:17:80:c4,AP_485
f4:d9:fb:d6:15:c6,AP_486
f4:d9:fb:cf:d1:e1,AP_487
64:e5:99:40:d9:18,AP_488
f4:d9:fb:d6:15:cd,AP_489
70:5d:cc:cd:69:0e,AP_490
f4:d9:fb:d0:38:a5,AP_491
f4:d9:fb:d0:3b:e5,AP_492
f4:d9:fb:d0:14:61,AP_493
f4:d9:fb:e7:69:0d,AP_494
70:5d:cc:da:4a:48,AP_495
88:36:6c:13:2b:46,AP_496
f4:d9:fb:d0:46:a5,AP_497
f4:d9:fb:cf:b6:eb,AP_498
f4:d9:fb:d3:ea:82,AP_499
f4:d9:fb:d0:0c:a1,AP_500
f4:d9:fb:c7:85:0b,AP_501
f4:d9:fb:d6:2d:49,AP_502
f4:d9:fb:d0:3b:63,AP_503
f4:d9:fb:d6:2c:c9,AP_504
f4:d9:fb:d4:2f:c2,AP_505
f4:d9:fb:d2:82:cc,AP_506
f4:d9:fb:d0:0a:21,AP_507
f4:d9:fb:d2:8e:84,AP_508
f4:d9:fb:d0:38:e4,AP_509
f4:d9:fb:cf:fa:ac,AP_510
f4:d9:fb:d2:67:01,AP_511
20:db:ab:92:95:64,AP_512
88:36:6c:c0:01:4c,AP_513
f4:d9:fb:d9:ac:26,AP_514
f4:d9:fb:d2:66:c4,AP_515
f4:d9:fb:d3:ea:4d,AP_516
f4:d9:fb:d4:2f:c5,AP_517
f4:d9:fb:d0:67:2e,AP_518
f4:d9:fb:d6:2c:4a,AP_519
f4:d9:fb:d0:0a:2d,AP_520
f4:d9:fb:d0:46:aa,AP_521
f4:d9:fb:d4:2e:42,AP_522
f4:d9:fb:d6:0a:4a,AP_523
f4:d9:fb:d9:ac:2b,AP_524
f4:d9:fb:d6:04:81,AP_525
f4:d9:fb:c7:86:84,AP_526
f4:d9:fb:cf:ce:23,AP_527
f4:d9:fb:c7:7f:cc,AP_528
b4:fc:75:14:84:66,AP_529
88:36:6c:14:c5:e6,AP_530
88:36:6c:0f:98:3a,AP_531
88:36:6c:b0:4a:7c,AP_532
f4:d9:fb:d6:2d:0b,AP_533
90:9f:33:d1:03:56,AP_534
f4:d9:fb:d0:65:23,AP_535
e0:5f:b9:a3:5d:37,AP_536
f4:d9:fb:d0:0a:2a,AP_537
88:36:6c:ea:12:f8,AP_538
20:db:ab:92:97:cc,AP_539
f4:d9:fb:d0:0a:a1,AP_540
f4:d9:fb:cf:fa:ab,AP_541
f4:d9:fb:cf:ce:24,AP_542
f4:d9:fb:cf:b6:26,AP_543
f4:d9:fb:d0:63:64,AP_544
f4:d9:fb:d0:45:29,AP_545
f4:d9:fb:d0:3a:6e,AP_546
f4:d9:fb:d2:8e:02,AP_547
88:36:6c:86:43:a8,AP_548
b4:fc:75:14:84:93,AP_549
f4:d9:fb:d0:39:69,AP_550
20:db:ab:92:9e:64,AP_551
f4:d9:fb:d2:7e:02,AP_552
f4:d9:fb:d0:3b:ea,AP_553
f4:d9:fb:d6:2e:05,AP_554
f4:d9:fb:c7:69:01,AP_555
f4:d9:fb:d6:2e:0e,AP_556
f4:d9:fb:d3:ec:0e,AP_557
f4:d9:fb:8a:db:c9,AP_558
f4:d9:fb:cf:ce:64,AP_559
64:e5:99:a5:2b:5c,AP_560
f4:d9:fb:d0:38:a4,AP_561
f4:d9:fb:d3:f0:0d,AP_562
f4:d9:fb:d2:7e:ca,AP_563
f4:d9:fb:d2:6e:c9,AP_564
b4:fc:75:14:84:63,AP_565
20:db:ab:92:9a:63,AP_566
f4:d9:fb:d0:0f:21,AP_567
f4:d9:fb:d0:3b:6c,AP_568
f4:d9:fb:d2:66:cb,AP_569
f4:d9:fb:cf:b2:69,AP_570
f4:d9:fb:cf:d0:a6,AP_571
88:36:6c:83:5a:9e,AP_572
88:36:6c:94:06:9c,AP_573
f4:d9:fb:cf:a6:22,AP_574
b4:fc:75:15:34:9d,AP_575
20:db:ab:92:95:69,AP_576
f4:d9:fb:d2:82:cb,AP_577
f4:d9:fb:d2:8e:04,AP_578
1c:bf:ce:2e:ec:6f,AP_579
f4:d9:fb:d0:3b:64,AP_580
f4:d9:fb:d9:a7:ea,AP_581
f4:d9:fb:d9:a7:e4,AP_582
f4:d9:fb:cf:95:e6,AP_583
f4:d9:fb:d0:3b:aa,AP_584
f4:d9:fb:d2:66:c1,AP_585
f4:d9:fb:d4:2e:46,AP_586
f4:d9:fb:d0:13:6c,AP_587
f4:d9:fb:cf:b6:2b,AP_588
f4:d9:fb:cf:d0:a2,AP_589
f4:d9:fb:cf:fc:65,AP_590
f4:d9:fb:d0:23:66,AP_591
f4:d9:fb:c7:7f:cb,AP_592
f4:d9:fb:cf:b2:29,AP_593
64:e5:99:41:09:74,AP_594
f4:d9:fb:cf:d2:6b,AP_595
3c:7c:3f:f7:0c:68,AP_596
f4:d9:fb:cf:ce:6a,AP_597
90:9f:33:b8:69:72,AP_598
f4:d9:fb:cf:aa:ae,AP_599
f4:d9:fb:d0:45:2d,AP_600
20:db:ab:92:99:e3,AP_601
f4:d9:fb:d0:14:2e,AP_602
20:db:ab:92:71:ce,AP_603
f4:d9:fb:d6:02:89,AP_604
f4:d9:fb:d0:3b:66,AP_605
20:db:ab:92:a6:42,AP_606
72:5d:cc:9d:40:66,AP_607
f4:d9:fb:d6:2e:03,AP_608
f4:d9:fb:d0:22:aa,AP_609
f4:d9:fb:d6:23:43,AP_610
32:cd:a7:96:46:d7,AP_611
f4:d9:fb:d0:18:a1,AP_612
20:db:ab:92:a1:22,AP_613
f4:d9:fb:d6:39:0a,AP_614
72:5d:cc:41:0a:bc,AP_615
f4:d9:fb:cf:f1:65,AP_616
f4:d9:fb:d0:18:ac,AP_617
f4:d9:fb:d6:02:8e,AP_618
70:5d:cc:0d:78:5e,AP_619
20:db:ab:92:95:6a,AP_620
e4:c3:2a:21:84:6f,AP_621
f4:d9:fb:d2:8e:8a,AP_622
f4:d9:fb:d2:6e:cb,AP_623
f4:d9:fb:d4:2e:45,AP_624
f4:d9:fb:d2:8e:85,AP_625
02:15:99:b1:2a:01,AP_626
f4:d9:fb:d6:01:0d,AP_627
f4:d9:fb:d0:3a:a5,AP_628
f4:d9:fb:cf:a6:26,AP_629
70:5d:cc:e5:05:b4,AP_630
f4:d9:fb:d0:39:61,AP_631
f4:d9:fb:d0:23:61,AP_632
70:5d:cc:da:4a:4a,AP_633
64:e5:99:9f:45:a2,AP_634
f4:d9:fb:d0:67:22,AP_635
f4:d9:fb:cf:cd:26,AP_636
f4:d9:fb:d9:a7:ec,AP_637
f4:d9:fb:d2:6e:c5,AP_638
f4:d9:fb:cf:aa:ad,AP_639
f4:d9:fb:cf:8d:2d,AP_640
f4:d9:fb:d6:0a:45,AP_641
78:54:2e:4c:ee:70,AP_642
f4:d9:fb:c7:67:8a,AP_643
86:25:19:a1:da:cf,AP_644
88:36:6c:13:22:d2,AP_645
f4:d9:fb:c7:7f:c9,AP_646
f4:d9:fb:cf:ce:2d,AP_647
f4:d9:fb:d6:b2:ed,AP_648
ee:5c:68:4f:81:03,AP_649
f4:d9:fb:cf:9f:a5,AP_650
f4:d9:fb:d2:80:0b,AP_651
f4:d9:fb:d0:3b:6b,AP_652
f4:d9:fb:d6:09:43,AP_653
f4:d9:fb:d6:0a:46,AP_654
70:5d:cc:77:8e:4c,AP_655
f4:d9:fb:d3:f0:06,AP_656
e2:bb:9e:ea:57:b0,AP_657
f4:d9:fb:cf:df:2a,AP_658
8a:36:6c:c9:b5:08,AP_659
f4:d9:fb:d0:60:a9,AP_660
f4:d9:fb:d0:14:6b,AP_661
f4:d9:fb:c7:69:0a,AP_662
f4:d9:fb:cf:cd:65,AP_663
f4:d9:fb:cf:d9:2b,AP_664
f4:d9:fb:8a:db:ce,AP_665
f4:d9:fb:d6:45:ce,AP_666
f4:d9:fb:d2:67:4d,AP_667
f4:d9:fb:cf:cd:24,AP_668
f4:d9:fb:d3:ec:06,AP_669
f4:d9:fb:d0:67:24,AP_670
f4:d9:fb:c7:6c:8d,AP_671
f4:d9:fb:cf:fc:61,AP_672
20:db:ab:92:95:6b,AP_673
f4:d9:fb:d4:2e:8e,AP_674
f4:d9:fb:d6:2e:04,AP_675
20:db:ab:92:81:01,AP_676
f4:d9:fb:d2:7e:06,AP_677
00:26:66:ce:8c:98,AP_678
f4:d9:fb:d6:01:02,AP_679
f4:d9:fb:d2:8e:8d,AP_680
f4:d9:fb:d0:24:2a,AP_681
fa:d0:27:3a:5c:5a,AP_682
f4:d9:fb:d6:09:4a,AP_683
f4:d9:fb:d0:63:63,AP_684
f4:d9:fb:d4:2e:44,AP_685
f4:d9:fb:c7:67:8e,AP_686
f4:d9:fb:d3:ea:81,AP_687
f4:d9:fb:cf:95:e2,AP_688
88:36:6c:57:03:78,AP_689
f4:d9:fb:cf:fa:ae,AP_690
f4:d9:fb:d9:ac:23,AP_691
64:e5:99:a5:2b:58,AP_692
f4:d9:fb:d0:67:2b,AP_693
f4:d9:fb:d6:2d:0d,AP_694
f4:d9:fb:d2:8e:8c,AP_695
f4:d9:fb:d0:13:a6,AP_696
70:5d:cc:7f:29:24,AP_697
f4:d9:fb:d2:67:4a,AP_698
f4:d9:fb:cf:9f:ad,AP_699
f4:d9:fb:cf:fa:a1,AP_700
f4:d9:fb:d6:45:cb,AP_701
f4:d9:fb:d0:24:26,AP_702
f4:d9:fb:d4:2f:ca,AP_703
f4:d9:fb:d3:ec:0c,AP_704
f4:d9:fb:d0:3a:65,AP_705
94:53:30:88:5a:84,AP_706
f4:d9:fb:d3:ea:8b,AP_707
f4:d9:fb:cf:fc:6c,AP_708
f4:d9:fb:d0:62:a2,AP_709
f4:d9:fb:cf:b6:e9,AP_710
f4:d9:fb:d0:0a:a9,AP_711
f4:d9:fb:d0:44:e2,AP_712
f4:d9:fb:d3:ec:05,AP_713
f4:d9:fb:d6:2d:09,AP_714
f4:d9:fb:cf:97:65,AP_715
f4:d9:fb:cf:b2:2a,AP_716
f4:d9:fb:d0:3c:2a,AP_717
90:9f:33:8f:4f:9a,AP_718
f4:d9:fb:d0:0a:a2,AP_719
f4:d9:fb:d6:0a:42,AP_720
f4:d9:fb:d2:7c:4a,AP_721
f4:d9:fb:cf:95:ee,AP_722
c8:9c:1d:aa:91:ce,AP_723
20:db:ab:92:95:61,AP_724
f4:d9:fb:cf:d9:25,AP_725
f4:d9:fb:d0:45:22,AP_726
e2:03:40:bf:29:4e,AP_727
f4:d9:fb:d0:13:64,AP_728
f4:d9:fb:d2:8e:06,AP_729
f4:d9:fb:d3:ec:0a,AP_730
f4:d9:fb:d3:eb:0b,AP_731
20:db:ab:92:81:06,AP_732
f4:d9:fb:cf:d2:e3,AP_733
f4:d9:fb:d2:67:42,AP_734
f4:d9:fb:d0:65:2c,AP_735
f4:d9:fb:d6:b2:ec,AP_736
f4:d9:fb:d0:44:e4,AP_737
70:5d:cc:ab:71:c2,AP_738
f4:d9:fb:d0:66:ee,AP_739
f4:d9:fb:d0:44:ed,AP_740
f4:d9:fb:cf:8d:25,AP_741
f4:d9:fb:d0:18:a3,AP_742
f4:d9:fb:d2:67:4c,AP_743
f4:d9:fb:cf:d2:ea,AP_744
f4:d9:fb:d0:14:6d,AP_745
70:5d:cc:cc:02:d2,AP_746
32:cd:a7:9f:52:d8,AP_747
f4:d9:fb:d2:6e:cc,AP_748
20:db:ab:92:97:ca,AP_749
f4:d9:fb:d6:01:0a,AP_750
70:5d:cc:2d:b1:a6,AP_751
20:db:ab:92:71:c4,AP_752
f4:d9:fb:cf:d9:2e,AP_753
f4:d9:fb:d6:2d:4e,AP_754
f4:d9:fb:cf:d0:ad,AP_755
f4:d9:fb:d2:67:04,AP_756
ea:47:32:b3:53:0a,AP_757
f4:d9:fb:d2:8e:8b,AP_758
f4:d9:fb:cf:f1:6c,AP_759
f4:d9:fb:d0:67:23,AP_760
f4:d9:fb:cf:d2:65,AP_761
c8:9c:1d:aa:91:cb,AP_762
f4:d9:fb:d6:15:cc,AP_763
f4:d9:fb:d3:ea:42,AP_764
f4:d9:fb:cf:b0:a3,AP_765
f4:d9:fb:d6:01:05,AP_766
f4:d9:fb:d6:02:8d,AP_767
20:db:ab:92:71:cd,AP_768
f4:d9:fb:cf:9f:a9,AP_769
f4:d9:fb:d0:13:a1,AP_770
f4:d9:fb:d0:13:69,AP_771
f4:d9:fb:cf:b0:a9,AP_772
f4:d9:fb:d0:60:ad,AP_773
f4:d9:fb:d9:ac:2e,AP_774
f4:d9:fb:d0:3b:6a,AP_775
f4:d9:fb:cf:ce:6d,AP_776
90:9f:33:38:e0:fa,AP_777
f4:d9:fb:d0:67:21,AP_778
f4:d9:fb:d0:24:21,AP_779
20:db:ab:92:97:c9,AP_780
f4:d9:fb:d2:67:0b,AP_781
f4:d9:fb:cf:b2:23,AP_782
72:5d:cc:c0:29:e0,AP_783
20:db:ab:92:9a:62,AP_784
b4:fc:75:14:84:78,AP_785
f4:d9:fb:cf:fc:63,AP_786
f4:d9:fb:d6:0a:4d,AP_787
70:5d:cc:e5:6a:74,AP_788
f4:d9:fb:d0:60:ab,AP_789
f4:d9:fb:c7:7f:c1,AP_790
f4:d9:fb:d0:14:21,AP_791
f4:d9:fb:d0:0a:2b,AP_792
f4:d9:fb:cf:b6:23,AP_793
f4:d9:fb:d0:60:a5,AP_794
f4:d9:fb:cf:b6:ee,AP_795
f4:d9:fb:cf:a6:2b,AP_796
f4:d9:fb:cf:d3:64,AP_797
f4:d9:fb:d6:45:c2,AP_798
f4:d9:fb:d2:7c:4d,AP_799
f4:d9:fb:d0:44:e1,AP_800
f4:d9:fb:d2:82:c2,AP_801
c8:9c:1d:aa:91:c5,AP_802
f4:d9:fb:cf:87:e4,AP_803
f4:d9:fb:d2:82:c5,AP_804
f4:d9:fb:d2:66:ca,AP_805
20:db:ab:92:71:c3,AP_806
f4:d9:fb:c7:68:4e,AP_807
f4:d9:fb:cf:ce:6c,AP_808
f4:d9:fb:cf:fa:ea,AP_809
20:db:ab:92:74:6e,AP_810
f4:d9:fb:d0:3a:63,AP_811
8a:36:6c:ca:12:f8,AP_812
f4:d9:fb:d4:2e:43,AP_813
f4:d9:fb:d6:30:8a,AP_814
70:5d:cc:b4:a3:02,AP_815
f4:d9:fb:d0:13:62,AP_816
f4:d9:fb:d6:2d:4c,AP_817
f4:d9:fb:d0:65:2a,AP_818
f4:d9:fb:d2:8d:cd,AP_819
f4:d9:fb:d6:2d:02,AP_820
f4:d9:fb:cf:aa:a3,AP_821
f4:d9:fb:d0:23:62,AP_822
f4:d9:fb:d0:0f:23,AP_823
f4:d9:fb:d0:3a:66,AP_824
f4:d9:fb:d6:15:c5,AP_825
f4:d9:fb:cf:8d:2a,AP_826
f4:d9:fb:d6:31:8c,AP_827
90:9f:33:a3:ec:22,AP_828
f4:d9:fb:d0:45:25,AP_829
f4:d9:fb:d4:28:4b,AP_830
f4:d9:fb:cf:ce:26,AP_831
f4:d9:fb:c7:86:83,AP_832
20:db:ab:92:9a:69,AP_833
f4:d9:fb:d6:23:4a,AP_834
f4:d9:fb:d0:18:ab,AP_835
f4:d9:fb:d2:8d:ca,AP_836
20:db:ab:92:81:0b,AP_837
f4:d9:fb:d0:21:ec,AP_838
f4:d9:fb:cf:cd:25,AP_839
f4:d9:fb:cf:aa:aa,AP_840
f4:d9:fb:d0:0a:25,AP_841
b4:fc:75:14:8b:a1,AP_842
f4:d9:fb:cf:d9:21,AP_843
f4:d9:fb:d0:38:eb,AP_844
f4:d9:fb:d0:41:6b,AP_845
f4:d9:fb:cf:fc:66,AP_846
f4:d9:fb:d0:14:65,AP_847
20:db:ab:92:95:63,AP_848
f4:d9:fb:d0:38:ea,AP_849
f4:d9:fb:d0:41:6c,AP_850
00:26:66:6a:31:50,AP_851
f4:d9:fb:d0:22:ac,AP_852
32:cd:a7:ec:29:78,AP_853
f4:d9:fb:d0:63:65,AP_854
c8:9c:1d:aa:91:ca,AP_855
70:5d:cc:57:c1:fa,AP_856
f4:d9:fb:d0:39:6a,AP_857
b4:fc:75:14:8b:b0,AP_858
f4:d9:fb:d0:46:a3,AP_859
f4:d9:fb:d0:0c:a3,AP_860
f4:d9:fb:c7:7f:ce,AP_861
f4:d9:fb:d6:2d:4d,AP_862
f4:d9:fb:d0:05:2b,AP_863
f4:d9:fb:d0:0f:2b,AP_864
f4:d9:fb:d6:02:85,AP_865
20:db:ab:92:97:c3,AP_866
f4:d9:fb:cf:f1:6e,AP_867
f4:d9:fb:d0:05:21,AP_868
f4:d9:fb:d0:62:ad,AP_869
f4:d9:fb:d6:32:04,AP_870
20:32:33:54:9b:aa,AP_871
f4:d9:fb:d6:2d:04,AP_872
f4:d9:fb:cf:fc:6a,AP_873
f4:d9:fb:d0:0c:ab,AP_874
f4:d9:fb:cf:fa:a4,AP_875
f4:d9:fb:d2:67:0c,AP_876
42:b8:9a:47:69:47,AP_877
88:36:6c:1d:cd:7c,AP_878
88:36:6c:83:61:28,AP_879
f4:d9:fb:d6:45:ca,AP_880
f4:d9:fb:d2:8e:86,AP_881
20:db:ab:92:a7:24,AP_882
f4:d9:fb:8a:d9:04,AP_883
f4:d9:fb:cf:f1:61,AP_884
f4:d9:fb:d0:0a:ac,AP_885
f4:d9:fb:d0:46:ac,AP_886
f4:d9:fb:d4:2e:49,AP_887
f4:d9:fb:d9:ac:25,AP_888
f4:d9:fb:e7:6a:0e,AP_889
f4:d9:fb:d6:32:0c,AP_890
f4:d9:fb:cf:9f:a6,AP_891
20:db:ab:92:99:eb,AP_892
88:36:6c:b1:b7:f4,AP_893
f4:d9:fb:cf:d3:69,AP_894
20:db:ab:92:95:66,AP_895
f4:d9:fb:d6:30:8c,AP_896
ac:e2:d3:c5:65:e5,AP_897
f4:d9:fb:d0:60:a6,AP_898
f4:d9:fb:cf:fa:e1,AP_899
f4:d9:fb:d0:0a:ae,AP_900
f4:d9:fb:d6:09:49,AP_901
f4:d9:fb:cf:ce:29,AP_902
20:db:ab:92:a1:2b,AP_903
f4:d9:fb:cf:b6:e6,AP_904
bc:85:56:0d:1a:83,AP_905
f4:d9:fb:d2:8d:c3,AP_906
70:5d:cc:c1:9f:b0,AP_907
20:db:ab:92:99:e4,AP_908
20:db:ab:92:71:c9,AP_909
f4:d9:fb:d4:2d:c3,AP_910
f4:d9:fb:cf:9f:ab,AP_911
f4:d9:fb:d2:6e:ce,AP_912
f4:d9:fb:d2:7e:0a,AP_913
f4:d9:fb:cf:b0:ac,AP_914
f4:d9:fb:d0:39:6b,AP_915
90:9f:33:f1:0e:40,AP_916
f4:d9:fb:c7:69:0d,AP_917
f4:d9:fb:cf:fa:ad,AP_918
f4:d9:fb:cf:d1:eb,AP_919
f4:d9:fb:d0:62:a5,AP_920
20:db:ab:92:74:6a,AP_921
f4:d9:fb:d6:2d:4b,AP_922
20:db:ab:92:9a:6a,AP_923
f4:d9:fb:d9:a7:ee,AP_924
f4:d9:fb:cf:f1:64,AP_925
f4:d9:fb:d2:67:49,AP_926
f4:d9:fb:d4:2f:cd,AP_927
20:db:ab:92:a7:25,AP_928
20:db:ab:92:81:03,AP_929
f4:d9:fb:d0:39:66,AP_930
f4:d9:fb:d6:31:89,AP_931
f4:d9:fb:d6:2a:0b,AP_932
f4:d9:fb:cf:a6:2d,AP_933
f4:d9:fb:c7:6c:8c,AP_934
f4:d9:fb:d0:41:ac,AP_935
f4:d9:fb:d2:67:03,AP_936
88:36:6c:13:8d:04,AP_937
f4:d9:fb:d0:13:a2,AP_938
84:72:07:40:24:a8,AP_939
88:36:6c:b0:3b:6e,AP_940
f4:d9:fb:cf:d2:6e,AP_941
f4:d9:fb:d0:05:22,AP_942
f4:d9:fb:d0:63:66,AP_943
f4:d9:fb:d2:7e:04,AP_944
f4:d9:fb:d0:18:a2,AP_945
f4:d9:fb:8a:d9:03,AP_946
c8:9c:1d:aa:91:c7,AP_947
f4:d9:fb:cf:aa:a9,AP_948
f4:d9:fb:cf:aa:a4,AP_949
f4:d9:fb:cf:d2:6c,AP_950
70:5d:cc:5c:76:52,AP_951
86:25:19:a5:74:8d,AP_952
f4:d9:fb:d0:24:2d,AP_953
f4:d9:fb:cf:b6:2c,AP_954
f4:d9:fb:cf:b2:25,AP_955
00:08:9f:cc:1a:f0,AP_956
f4:d9:fb:d0:46:a1,AP_957
f4:d9:fb:cf:fa:a6,AP_958
f4:d9:fb:d9:ac:22,AP_959
f4:d9:fb:cf:d0:a9,AP_960
f4:d9:fb:d0:65:29,AP_961
f4:d9:fb:d3:ea:49,AP_962
f4:d9:fb:d6:31:41,AP_963
f4:d9:fb:d2:7c:45,AP_964
f4:d9:fb:d0:3a:64,AP_965
f4:d9:fb:8a:d9:06,AP_966
f4:d9:fb:d3:eb:0e,AP_967
f4:d9:fb:cf:b6:e2,AP_968
f4:d9:fb:cf:d1:a5,AP_969
f4:d9:fb:d0:60:a1,AP_970
f4:d9:fb:d0:18:aa,AP_971
20:db:ab:92:a6:41,AP_972
20:db:ab:92:a1:29,AP_973
f4:d9:fb:d6:45:cc,AP_974
f4:d9:fb:d4:2f:c4,AP_975
90:9f:33:c1:5c:1e,AP_976
f4:d9:fb:d0:39:6c,AP_977
f4:d9:fb:d3:ea:8e,AP_978
f4:d9:fb:cf:d2:64,AP_979
f4:d9:fb:8a:d9:05,AP_980
72:5d:cc:41:ec:bc,AP_981
f4:d9:fb:d6:31:4b,AP_982
f4:d9:fb:d6:2d:43,AP_983
f4:d9:fb:d6:15:ca,AP_984
f4:d9:fb:c7:86:4a,AP_985
20:db:ab:92:9a:66,AP_986
c8:9c:1d:aa:91:c6,AP_987
20:db:ab:92:74:6c,AP_988
f4:d9:fb:cf:b6:e4,AP_989
70:5d:cc:6b:43:4a,AP_990
f4:d9:fb:d6:2d:0e,AP_991
20:db:ab:92:74:62,AP_992
20:db:ab:92:9a:65,AP_993
f4:d9:fb:cf:cd:6e,AP_994
20:db:ab:92:71:c5,AP_995
f4:d9:fb:d0:23:64,AP_996
f4:d9:fb:cf:97:64,AP_997
f4:d9:fb:d3:ea:8c,AP_998
f4:d9:fb:d0:14:2c,AP_999
f4:d9:fb:c7:85:0c,AP_1000
f4:d9:fb:d2:7c:43,AP_1001
f4:d9:fb:c7:86:8d,AP_1002
f4:d9:fb:d6:15:c4,AP_1003
f4:d9:fb:cf:fc:62,AP_1004
20:db:ab:92:9e:63,AP_1005
f4:d9:fb:d0:65:2e,AP_1006
20:db:ab:92:a7:2a,AP_1007
f4:d9:fb:cf:95:eb,AP_1008
f4:d9:fb:d0:46:a9,AP_1009
f4:d9:fb:cf:97:63,AP_1010
f4:d9:fb:d6:4f:ce,AP_1011
f4:d9:fb:d6:23:45,AP_1012
f4:d9:fb:d0:13:6d,AP_1013
20:db:ab:92:a7:21,AP_1014
f4:d9:fb:d4:2d:cb,AP_1015
c8:9c:1d:aa:91:c9,AP_1016
f4:d9:fb:8a:db:cd,AP_1017
f4:d9:fb:cf:b2:6e,AP_1018
f4:d9:fb:d6:32:01,AP_1019
f4:d9:fb:d0:22:a6,AP_1020
90:9f:33:3a:10:36,AP_1021
f4:d9:fb:d0:45:2b,AP_1022
f4:d9:fb:cf:fa:a2,AP_1023
86:25:19:a6:d7:77,AP_1024
f4:d9:fb:d0:24:22,AP_1025
f4:d9:fb:d0:3a:a2,AP_1026
f4:d9:fb:d4:2f:cb,AP_1027
f4:d9:fb:d3:f0:0a,AP_1028
f4:d9:fb:cf:d3:6a,AP_1029
f4:d9:fb:cf:a6:21,AP_1030
f4:d9:fb:d0:3b:eb,AP_1031
f4:d9:fb:cf:fa:e9,AP_1032
64:e5:99:40:fc:b4,AP_1033
70:5d:cc:01:7c:a0,AP_1034
f4:d9:fb:cf:cd:62,AP_1035
20:32:33:54:b0:42,AP_1036
f4:d9:fb:d0:3b:69,AP_1037
70:5d:cc:a5:da:3c,AP_1038
20:db:ab:92:74:61,AP_1039
f4:d9:fb:d2:8e:0a,AP_1040
f4:d9:fb:cf:8d:2b,AP_1041
f4:d9:fb:d3:f0:03,AP_1042
f4:d9:fb:d0:38:ee,AP_1043
f4:d9:fb:d0:62:ae,AP_1044
f4:d9:fb:d0:3b:e3,AP_1045
f4:d9:fb:cf:fa:e4,AP_1046
f4:d9:fb:d2:68:ce,AP_1047
f4:d9:fb:d2:67:0a,AP_1048
c4:e9:84:9c:a6:90,AP_1049
f4:d9:fb:cf:fa:ee,AP_1050
70:5d:cc:06:1d:26,AP_1051
20:db:ab:92:a7:22,AP_1052
20:db:ab:92:97:c2,AP_1053
70:5d:cc:a5:12:32,AP_1054
f4:d9:fb:d0:14:66,AP_1055
f4:d9:fb:cf:cd:66,AP_1056
02:27:1c:be:57:20,AP_1057
f4:d9:fb:d2:67:43,AP_1058
f4:d9:fb:d0:14:62,AP_1059
b4:fc:75:14:7b:48,AP_1060
f4:d9:fb:d0:3a:ad,AP_1061
f4:d9:fb:d0:3d:69,AP_1062
f4:d9:fb:cf:f1:6a,AP_1063
f4:d9:fb:cf:95:ed,AP_1064
f4:d9:fb:d3:ec:0d,AP_1065
90:9f:33:fc:92:3a,AP_1066
f4:d9:fb:d0:12:ae,AP_1067
f4:d9:fb:d6:45:c6,AP_1068
88:36:6c:95:63:48,AP_1069
f4:d9:fb:cf:d1:ec,AP_1070
20:db:ab:92:81:05,AP_1071
ae:f1:08:01:c0:69,AP_1072
f4:d9:fb:cf:b2:26,AP_1073
f4:d9:fb:d0:05:2c,AP_1074
f4:d9:fb:d3:ea:46,AP_1075
90:9f:33:97:70:6a,AP_1076
f4:d9:fb:d2:7c:41,AP_1077
f4:d9:fb:d2:8d:cc,AP_1078
f4:d9:fb:cf:cd:22,AP_1079
f4:d9:fb:cf:d6:6a,AP_1080
20:db:ab:92:97:cd,AP_1081
20:db:ab:92:97:c5,AP_1082
f4:d9:fb:d0:05:26,AP_1083
f4:d9:fb:d0:13:aa,AP_1084
f4:d9:fb:d2:8e:83,AP_1085
f4:d9:fb:d0:44:e9,AP_1086
20:db:ab:92:a1:2c,AP_1087
f4:d9:fb:d0:38:a9,AP_1088
f4:d9:fb:d0:12:ad,AP_1089
88:36:6c:63:3e:46,AP_1090
f4:d9:fb:d0:0a:2e,AP_1091
f4:d9:fb:cf:d9:22,AP_1092
20:db:ab:92:a1:25,AP_1093
f4:d9:fb:d2:82:c6,AP_1094
f4:d9:fb:d0:38:ab,AP_1095
f4:d9:fb:d4:2d:ca,AP_1096
f4:d9:fb:cf:97:61,AP_1097
f4:d9:fb:cf:9f:a4,AP_1098
f4:d9:fb:d0:46:ab,AP_1099
f4:d9:fb:d4:2f:c9,AP_1100
20:db:ab:92:74:69,AP_1101
f4:d9:fb:d9:a7:e5,AP_1102
f4:d9:fb:d0:44:ee,AP_1103
f4:d9:fb:d2:7e:cd,AP_1104
f4:d9:fb:d0:66:e9,AP_1105
f4:d9:fb:cf:95:e1,AP_1106
f4:d9:fb:d6:45:cd,AP_1107
20:db:ab:92:97:cb,AP_1108
f4:d9:fb:cf:d3:66,AP_1109
00:26:66:9d:37:f6,AP_1110
f4:d9:fb:d0:66:ea,AP_1111
b4:fc:75:14:8b:a4,AP_1112
f4:d9:fb:d6:31:4e,AP_1113
f4:d9:fb:cf:fa:e2,AP_1114
f4:d9:fb:cf:d1:a6,AP_1115
f4:d9:fb:c7:85:09,AP_1116
f4:d9:fb:cf:b6:e3,AP_1117
f4:d9:fb:cf:95:e3,AP_1118
f4:d9:fb:cf:b2:66,AP_1119
88:36:6c:4e:64:f2,AP_1120
20:db:ab:92:99:ed,AP_1121
f4:d9:fb:d0:13:a9,AP_1122
20:db:ab:92:95:6e,AP_1123
f4:d9:fb:d4:2e:4a,AP_1124
f4:d9:fb:cf:b2:21,AP_1125
f4:d9:fb:d0:14:29,AP_1126
f4:d9:fb:c7:85:03,AP_1127
f4:d9:fb:d9:a7:ed,AP_1128
86:25:19:8e:4b:ea,AP_1129
f4:d9:fb:d0:3a:a4,AP_1130
20:db:ab:92:81:04,AP_1131
f4:d9:fb:cf:8d:24,AP_1132
70:5d:cc:ad:22:88,AP_1133
c8:9c:1d:aa:91:c3,AP_1134
f4:d9:fb:cf:d1:a1,AP_1135
f4:d9:fb:d6:23:4d,AP_1136
f4:d9:fb:d3:ea:83,AP_1137
f4:d9:fb:d2:6e:c4,AP_1138
f4:d9:fb:d2:8d:c6,AP_1139
50:c7:bf:41:4d:66,AP_1140
f4:d9:fb:cf:fc:69,AP_1141
70:5d:cc:61:0c:a6,AP_1142
f4:d9:fb:d0:41:6d,AP_1143
f4:d9:fb:d6:45:c3,AP_1144
f4:d9:fb:d0:39:62,AP_1145
f4:d9:fb:d0:0a:a5,AP_1146
f4:d9:fb:d6:09:4d,AP_1147
f4:d9:fb:d0:46:a6,AP_1148
f4:d9:fb:d4:2d:cd,AP_1149
f4:d9:fb:d6:31:43,AP_1150
f4:d9:fb:c7:85:04,AP_1151
f4:d9:fb:d6:01:06,AP_1152
f4:d9:fb:d0:12:a6,AP_1153
90:9f:33:8b:94:7a,AP_1154
f4:d9:fb:cf:ce:21,AP_1155
f4:d9:fb:d0:22:a1,AP_1156
f4:d9:fb:d6:2d:42,AP_1157
f4:d9:fb:d2:6e:c3,AP_1158
88:36:6c:b1:21:98,AP_1159
f4:d9:fb:cf:b6:2a,AP_1160
88:36:6c:48:31:84,AP_1161
f4:d9:fb:cf:cd:6b,AP_1162
f4:d9:fb:cf:d2:63,AP_1163
f4:d9:fb:cf:fa:e3,AP_1164
f4:d9:fb:cf:95:e4,AP_1165
f4:d9:fb:cf:b0:a1,AP_1166
f0:92:1c:88:34:9e,AP_1167
f4:d9:fb:d6:2d:45,AP_1168
f4:d9:fb:d0:65:2b,AP_1169
8e:ca:35:92:1f:25,AP_1170
f4:d9:fb:cf:b6:29,AP_1171
f4:d9:fb:cf:b6:ec,AP_1172
f4:d9:fb:d0:41:a5,AP_1173
20:db:ab:92:74:64,AP_1174
f4:d9:fb:d0:3a:ab,AP_1175
f4:d9:fb:d3:f0:0b,AP_1176
f4:d9:fb:d9:a7:e9,AP_1177
f4:d9:fb:cf:d1:e6,AP_1178
90:9f:33:7f:b6:1c,AP_1179
f4:d9:fb:cf:97:6b,AP_1180
f4:d9:fb:d3:ea:43,AP_1181
32:cd:a7:35:7f:46,AP_1182
f4:d9:fb:d2:67:02,AP_1183
88:36:6c:8c:56:0c,AP_1184
f4:d9:fb:d3:ea:4c,AP_1185
f4:d9:fb:cf:d1:ae,AP_1186
f4:d9:fb:cf:d2:e6,AP_1187
20:db:ab:92:9e:65,AP_1188
f4:d9:fb:d0:44:ec,AP_1189
f4:d9:fb:d0:45:2a,AP_1190
f4:d9:fb:d6:02:86,AP_1191
f4:d9:fb:d6:39:0b,AP_1192
f4:d9:fb:d4:2e:8b,AP_1193
f4:d9:fb:d6:15:c2,AP_1194
f4:d9:fb:d6:32:09,AP_1195
f4:d9:fb:cf:b2:24,AP_1196
f4:d9:fb:d6:4f:cc,AP_1197
f4:d9:fb:d4:28:cb,AP_1198
20:db:ab:92:71:cb,AP_1199
f4:d9:fb:d6:15:ce,AP_1200
70:5d:cc:ad:40:66,AP_1201
88:36:6c:b0:3b:6c,AP_1202
f4:d9:fb:d3:eb:05,AP_1203
f4:d9:fb:d0:14:26,AP_1204
f4:d9:fb:cf:d3:63,AP_1205
f4:d9:fb:d2:8e:8e,AP_1206
f4:d9:fb:d6:2d:0c,AP_1207
f4:d9:fb:d0:38:ed,AP_1208
f4:d9:fb:d0:63:6b,AP_1209
f4:d9:fb:d9:ac:2d,AP_1210
f4:d9:fb:d0:3b:e4,AP_1211
f4:d9:fb:d6:09:46,AP_1212
f4:d9:fb:cf:d0:ab,AP_1213
f4:d9:fb:d3:ea:86,AP_1214
f4:d9:fb:d0:60:a4,AP_1215
f4:d9:fb:cf:f1:69,AP_1216
f4:d9:fb:d6:45:c5,AP_1217
20:db:ab:92:74:6b,AP_1218
32:cd:a7:9c:db:05,AP_1219
f4:d9:fb:d2:66:cc,AP_1220
f4:d9:fb:d0:3b:62,AP_1221
90:9f:33:bd:50:6c,AP_1222
f4:d9:fb:d2:7e:0b,AP_1223
f4:d9:fb:d0:14:25,AP_1224
20:db:ab:92:81:0e,AP_1225
f4:d9:fb:d2:8d:c1,AP_1226
f4:d9:fb:cf:a6:2a,AP_1227
f4:d9:fb:d6:04:8d,AP_1228
f4:d9:fb:cf:95:ec,AP_1229
f4:d9:fb:d0:38:e5,AP_1230
f4:d9:fb:cf:d1:e2,AP_1231
f4:d9:fb:c7:85:01,AP_1232
f4:d9:fb:cf:b2:61,AP_1233
f4:d9:fb:cf:ce:2b,AP_1234
f4:d9:fb:d0:66:e1,AP_1235
f4:d9:fb:cf:8d:2e,AP_1236
96:53:30:29:15:a2,AP_1237
f4:d9:fb:d0:0c:a6,AP_1238
20:db:ab:92:a1:23,AP_1239
f4:d9:fb:cf:8b:29,AP_1240
f4:d9:fb:d6:2e:02,AP_1241
f4:d9:fb:cf:d0:a1,AP_1242
f4:d9:fb:cf:d2:eb,AP_1243
f4:d9:fb:cf:d3:65,AP_1244
f4:d9:fb:d2:66:c3,AP_1245
f4:d9:fb:d0:45:23,AP_1246
f4:d9:fb:c7:6c:83,AP_1247
20:db:ab:92:99:e1,AP_1248
20:db:ab:92:95:62,AP_1249
64:e5:99:a4:f5:4c,AP_1250
f4:d9:fb:d2:66:c2,AP_1251
f4:d9:fb:d2:66:c9,AP_1252
f4:d9:fb:d0:66:ed,AP_1253
88:36:6c:6c:1d:42,AP_1254
20:db:ab:92:9e:61,AP_1255
90:9f:33:f2:a6:6c,AP_1256
f4:d9:fb:d4:2d:c5,AP_1257
f4:d9:fb:cf:cd:69,AP_1258
f4:d9:fb:d6:01:01,AP_1259
f4:d9:fb:cf:ce:22,AP_1260
f4:d9:fb:cf:b2:65,AP_1261
4c:ed:fb:38:25:b0,AP_1262
f4:d9:fb:d0:13:ad,AP_1263
f4:d9:fb:d4:26:cd,AP_1264
86:25:19:29:9e:66,AP_1265
f4:d9:fb:cf:d2:61,AP_1266
f4:d9:fb:d6:2d:4a,AP_1267
f4:d9:fb:d3:f0:0e,AP_1268
f4:d9:fb:d2:8e:09,AP_1269
90:9f:33:7f:84:62,AP_1270
20:db:ab:92:99:e6,AP_1271
f4:d9:fb:d0:14:64,AP_1272
f4:d9:fb:d0:39:65,AP_1273
f4:d9:fb:d0:3a:6d,AP_1274
88:36:6c:83:5a:9c,AP_1275
f4:d9:fb:d0:39:64,AP_1276
70:5d:cc:32:ab:ca,AP_1277
f4:d9:fb:d4:2d:cc,AP_1278
f4:d9:fb:d0:67:2c,AP_1279
f4:d9:fb:d0:14:2d,AP_1280
f4:d9:fb:d0:63:69,AP_1281
f4:d9:fb:d0:63:6d,AP_1282
f0:2f:74:42:cf:28,AP_1283
f4:d9:fb:d2:67:45,AP_1284
20:db:ab:92:9a:61,AP_1285
f4:d9:fb:d6:01:0c,AP_1286
f4:d9:fb:d6:b2:ea,AP_1287
f4:d9:fb:cf:d2:6a,AP_1288
f4:d9:fb:d6:4f:cd,AP_1289
f4:d9:fb:cf:d2:62,AP_1290
f4:d9:fb:d4:28:c9,AP_1291
f4:d9:fb:d0:39:6d,AP_1292
f4:d9:fb:c7:69:0b,AP_1293
f4:d9:fb:d0:3a:6b,AP_1294
20:db:ab:92:71:c6,AP_1295
f4:d9:fb:cf:ce:66,AP_1296
86:25:19:a0:cb:f6,AP_1297
f4:d9:fb:d0:0a:ad,AP_1298
00:26:66:8d:0f:58,AP_1299
f4:d9:fb:cf:f1:63,AP_1300
f4:d9:fb:d6:0a:41,AP_1301
f4:d9:fb:d0:67:25,AP_1302
f4:d9:fb:d0:62:a1,AP_1303
20:db:ab:92:71:ca,AP_1304
f4:d9:fb:d0:13:61,AP_1305
f4:d9:fb:cf:aa:a6,AP_1306
c8:9c:1d:aa:91:c4,AP_1307
f4:d9:fb:d6:15:cb,AP_1308
f4:d9:fb:d0:0c:ad,AP_1309
f4:d9:fb:cf:97:69,AP_1310
f4:d9:fb:d0:14:63,AP_1311
b4:fc:75:14:8b:cb,AP_1312
f4:d9:fb:c7:7f:ca,AP_1313
f4:d9:fb:cf:d1:ee,AP_1314
70:5d:cc:94:98:ac,AP_1315
f4:d9:fb:cf:ce:63,AP_1316
f4:d9:fb:d0:45:24,AP_1317
f4:d9:fb:d0:3b:ac,AP_1318
f4:d9:fb:d2:7e:cb,AP_1319
f4:d9:fb:cf:fc:6b,AP_1320
f4:d9:fb:d2:7c:4b,AP_1321
f4:d9:fb:d2:82:cd,AP_1322
90:9f:33:97:70:68,AP_1323
f4:d9:fb:d2:80:0c,AP_1324
f4:d9:fb:cf:9f:a3,AP_1325
f4:d9:fb:d0:0f:2d,AP_1326
f4:d9:fb:d0:41:6a,AP_1327
c6:a5:11:9d:70:b7,AP_1328
f4:d9:fb:d3:ea:8d,AP_1329
f4:d9:fb:d4:2d:c4,AP_1330
f4:d9:fb:cf:b6:2d,AP_1331
f4:d9:fb:d3:f0:05,AP_1332
f4:d9:fb:d0:24:2e,AP_1333
f4:d9:fb:cf:d1:ea,AP_1334
20:db:ab:92:a1:2e,AP_1335
f4:d9:fb:d0:0f:26,AP_1336
02:30:0d:ab:de:ce,AP_1337
f4:d9:fb:d2:7e:0d,AP_1338
f4:d9:fb:d3:ec:04,AP_1339
f4:d9:fb:d3:ea:84,AP_1340
f4:d9:fb:d0:62:aa,AP_1341
b4:fc:75:14:7a:b5,AP_1342
f4:d9:fb:d2:66:c6,AP_1343
f4:d9:fb:c7:69:03,AP_1344
f4:d9:fb:d0:38:a1,AP_1345
f4:d9:fb:c7:6c:85,AP_1346
f4:d9:fb:d0:60:aa,AP_1347
f4:d9:fb:8a:d9:02,AP_1348
f4:d9:fb:d2:7e:09,AP_1349
f4:d9:fb:d2:67:4e,AP_1350
f4:d9:fb:cf:ce:2a,AP_1351
f4:d9:fb:d6:02:84,AP_1352
f4:d9:fb:d0:24:24,AP_1353
70:5d:cc:cf:b7:d6,AP_1354
f4:d9:fb:cf:d3:6b,AP_1355
f4:d9:fb:cf:b2:2c,AP_1356
f4:d9:fb:c7:6c:84,AP_1357
f4:d9:fb:cf:d3:61,AP_1358
00:08:9f:45:ce:8c,AP_1359
f4:d9:fb:d0:13:a3,AP_1360
c8:9c:1d:aa:91:cc,AP_1361
20:db:ab:92:9a:6d,AP_1362
d8:47:32:b3:53:0b,AP_1363
f4:d9:fb:d6:31:4d,AP_1364
f4:d9:fb:d6:23:49,AP_1365
f4:d9:fb:cf:ce:65,AP_1366
f4:d9:fb:cf:d9:2a,AP_1367
f4:d9:fb:d3:eb:06,AP_1368
f4:d9:fb:d6:32:03,AP_1369
90:9f:33:f2:8b:78,AP_1370
f4:d9:fb:c7:86:8c,AP_1371
00:07:89:37:49:e4,AP_1372
f4:d9:fb:c7:6c:8b,AP_1373
f4:d9:fb:d0:21:e9,AP_1374
88:36:6c:83:61:2a,AP_1375
f4:d9:fb:d0:13:6a,AP_1376
20:db:ab:92:95:6c,AP_1377
f4:d9:fb:cf:aa:ab,AP_1378
f4:d9:fb:cf:b2:22,AP_1379
f0:2f:74:42:c7:ec,AP_1380
90:9f:33:e2:b3:98,AP_1381
f4:d9:fb:d6:32:06,AP_1382
f4:d9:fb:cf:87:e3,AP_1383
b4:fc:75:14:7b:72,AP_1384
f4:d9:fb:d0:05:2a,AP_1385
f4:d9:fb:d0:24:25,AP_1386
70:5d:cc:61:0c:a4,AP_1387
da:5d:e2:4a:f0:1f,AP_1388
f4:d9:fb:cf:d2:e1,AP_1389
90:9f:33:a2:ac:ac,AP_1390
88:36:6c:94:06:9e,AP_1391
f4:d9:fb:d4:2e:4b,AP_1392
f4:d9:fb:d0:3b:e9,AP_1393
f4:d9:fb:d6:04:82,AP_1394
f4:d9:fb:cf:97:6d,AP_1395
f4:d9:fb:cf:cd:2d,AP_1396
f4:d9:fb:d4:28:4d,AP_1397
b4:fc:75:14:7d:b2,AP_1398
20:db:ab:92:99:e9,AP_1399
f4:d9:fb:cf:d3:6c,AP_1400
20:db:ab:92:9a:6b,AP_1401
f4:d9:fb:d0:67:2d,AP_1402
f4:d9:fb:d0:45:2c,AP_1403
f4:d9:fb:d4:2f:cc,AP_1404
f4:d9:fb:d0:38:aa,AP_1405
f4:d9:fb:d0:65:24,AP_1406
64:e5:99:d6:52:e8,AP_1407
f4:d9:fb:d0:60:ac,AP_1408
f4:d9:fb:cf:a6:24,AP_1409
f4:d9:fb:d0:12:a4,AP_1410
f4:d9:fb:d6:09:45,AP_1411
f4:d9:fb:d6:2d:01,AP_1412
f4:d9:fb:d6:0a:49,AP_1413
f4:d9:fb:cf:d2:e9,AP_1414
f4:d9:fb:d0:0f:25,AP_1415
f4:d9:fb:d3:eb:09,AP_1416
f4:d9:fb:cf:cd:6a,AP_1417
f4:d9:fb:cf:b6:e1,AP_1418
70:5d:cc:5c:76:50,AP_1419
f4:d9:fb:c7:85:05,AP_1420
f4:d9:fb:d0:0a:24,AP_1421
f4:d9:fb:cf:a6:29,AP_1422
f4:d9:fb:d0:12:a9,AP_1423
f4:d9:fb:d0:0f:22,AP_1424
f4:d9:fb:d6:2c:49,AP_1425
f0:2f:74:42:cb:04,AP_1426
88:36:6c:d6:4e:bb,AP_1427
f4:d9:fb:d0:12:a2,AP_1428
f4:d9:fb:cf:97:66,AP_1429
ba:a9:4f:b5:b9:7d,AP_1430
00:26:66:ce:8c:9c,AP_1431
f4:d9:fb:cf:b0:ab,AP_1432
f4:d9:fb:d0:13:ab,AP_1433
f4:d9:fb:cf:cd:2e,AP_1434
f4:d9:fb:cf:b2:62,AP_1435
f4:d9:fb:d2:7e:03,AP_1436
f4:d9:fb:c7:85:06,AP_1437
20:db:ab:92:81:02,AP_1438
f4:d9:fb:e7:6a:0a,AP_1439
f4:d9:fb:d2:8e:89,AP_1440
f4:d9:fb:cf:a6:23,AP_1441
20:db:ab:92:74:66,AP_1442
f4:d9:fb:cf:8d:2c,AP_1443
f4:d9:fb:cf:b0:a2,AP_1444
f4:d9:fb:cf:9f:ac,AP_1445
f4:d9:fb:d0:67:2a,AP_1446
f4:d9:fb:c7:7f:cd,AP_1447
72:5d:cc:9d:22:8a,AP_1448
20:db:ab:92:9a:6e,AP_1449
f4:d9:fb:d0:22:ae,AP_1450
f4:d9:fb:d3:eb:02,AP_1451
70:5d:cc:2e:5a:2e,AP_1452
a8:5e:45:f2:b7:24,AP_1453
f4:d9:fb:d0:66:e6,AP_1454
f4:d9:fb:d4:2e:41,AP_1455
f4:d9:fb:c7:69:02,AP_1456
f4:d9:fb:c7:69:0e,AP_1457
f4:d9:fb:8a:db:ca,AP_1458
f4:d9:fb:cf:9f:a1,AP_1459
64:09:80:28:64:98,AP_1460
70:5d:cc:65:8e:5c,AP_1461
f4:d9:fb:d9:a7:eb,AP_1462
e0:5f:b9:a3:5d:31,AP_1463
b4:fc:75:14:84:69,AP_1464
f4:d9:fb:cf:d9:2c,AP_1465
f4:d9:fb:d0:3a:ae,AP_1466
f4:d9:fb:cf:fa:e5,AP_1467
f4:d9:fb:cf:d0:a3,AP_1468
f4:d9:fb:d6:2e:0a,AP_1469
20:db:ab:92:81:09,AP_1470
20:db:ab:92:95:65,AP_1471
f4:d9:fb:d4:2d:c9,AP_1472
f4:d9:fb:d0:14:22,AP_1473
f4:d9:fb:cf:d9:26,AP_1474
f4:d9:fb:d6:02:81,AP_1475
f4:d9:fb:d6:01:04,AP_1476
f4:d9:fb:d0:38:a3,AP_1477
f4:d9:fb:d3:eb:0a,AP_1478
f4:d9:fb:d6:02:8b,AP_1479
f4:d9:fb:d0:66:e3,AP_1480
f4:d9:fb:c7:86:8e,AP_1481
88:36:6c:c1:04:44,AP_1482
f4:d9:fb:cf:cd:6d,AP_1483
f4:d9:fb:cf:fa:ed,AP_1484
f4:d9:fb:d4:2f:ce,AP_1485
f4:d9:fb:d0:38:e6,AP_1486
f4:d9:fb:d0:65:22,AP_1487
f4:d9:fb:d0:3a:a9,AP_1488
f4:d9:fb:d9:ac:21,AP_1489
f4:d9:fb:d0:12:a3,AP_1490
f4:d9:fb:d6:31:8d,AP_1491
70:5d:cc:5f:60:98,AP_1492
f4:d9:fb:d4:2e:4e,AP_1493
f4:d9:fb:d0:3a:6a,AP_1494
f4:d9:fb:c7:86:4e,AP_1495
f4:d9:fb:8a:d9:01,AP_1496
f4:d9:fb:cf:d2:e4,AP_1497
f4:d9:fb:d6:15:c9,AP_1498
70:5d:cc:ad:22:8a,AP_1499
f4:d9:fb:d0:41:a3,AP_1500
f4:d9:fb:d3:ea:45,AP_1501
f4:d9:fb:c7:85:0e,AP_1502
28:f3:66:1f:40:4e,AP_1503
f4:d9:fb:d0:13:63,AP_1504
f4:d9:fb:cf:cd:23,AP_1505
70:5d:cc:ad:40:64,AP_1506
f4:d9:fb:d0:18:ad,AP_1507
f4:d9:fb:d0:65:25,AP_1508
f4:d9:fb:d6:32:0b,AP_1509
f4:d9:fb:d6:09:44,AP_1510
64:e5:99:a4:f5:48,AP_1511
f4:d9:fb:d6:15:c3,AP_1512
e0:5f:b9:a3:5d:33,AP_1513
f4:d9:fb:d0:3b:ec,AP_1514
f4:d9:fb:c7:6c:89,AP_1515
f4:d9:fb:d3:ea:44,AP_1516
f4:d9:fb:d0:41:6e,AP_1517
f4:d9:fb:d9:ac:2c,AP_1518
90:9f:33:f2:9a:d8,AP_1519
f4:d9:fb:cf:d1:e9,AP_1520
f4:d9:fb:d0:38:ac,AP_1521
f4:d9:fb:d0:05:2e,AP_1522
f4:d9:fb:cf:d1:aa,AP_1523
20:db:ab:92:9e:66,AP_1524
f4:d9:fb:cf:b0:a5,AP_1525
f4:d9:fb:c7:68:4b,AP_1526
70:5d:cc:dc:08:64,AP_1527
f4:d9:fb:d6:2e:0b,AP_1528
f4:d9:fb:d6:23:42,AP_1529
f4:d9:fb:d2:7e:cc,AP_1530
f4:d9:fb:d0:63:6e,AP_1531
f4:d9:fb:cf:fa:ec,AP_1532
f4:d9:fb:d0:0c:ae,AP_1533
f4:d9:fb:d3:eb:0d,AP_1534
f4:d9:fb:d0:38:e1,AP_1535
f4:d9:fb:d0:18:a4,AP_1536
f4:d9:fb:d6:01:0b,AP_1537
f4:d9:fb:d0:63:62,AP_1538
f4:d9:fb:d6:2d:06,AP_1539
f4:d9:fb:cf:ce:61,AP_1540
f4:d9:fb:d6:0a:44,AP_1541
f4:d9:fb:c7:69:0c,AP_1542
20:db:ab:92:81:0d,AP_1543
d8:07:b6:76:28:67,AP_1544
f4:d9:fb:d6:2e:0c,AP_1545
f4:d9:fb:d6:23:4b,AP_1546
f4:d9:fb:d0:13:ac,AP_1547
f4:d9:fb:d0:23:63,AP_1548
f4:d9:fb:d0:3b:61,AP_1549
20:db:ab:92:71:c1,AP_1550
f4:d9:fb:d6:31:8e,AP_1551
d6:6a:6a:2d:7b:e6,AP_1552
f4:d9:fb:cf:d2:ee,AP_1553
f4:d9:fb:d2:6e:c2,AP_1554
f4:d9:fb:d2:8e:0b,AP_1555
84:72:07:22:d9:bf,AP_1556
f4:d9:fb:d0:18:a6,AP_1557
20:db:ab:92:99:ea,AP_1558
b4:fc:75:14:84:75,AP_1559
f4:d9:fb:cf:cd:21,AP_1560
f4:d9:fb:cf:f1:6b,AP_1561
f4:d9:fb:d4:2d:c2,AP_1562
f4:d9:fb:d6:09:42,AP_1563
f4:d9:fb:d0:46:ae,AP_1564
f4:d9:fb:d0:21:ed,AP_1565
f4:d9:fb:cf:8b:2e,AP_1566
f4:d9:fb:d0:24:29,AP_1567
f4:d9:fb:d2:67:46,AP_1568
f4:d9:fb:d2:7c:49,AP_1569
f4:d9:fb:e7:69:0a,AP_1570
90:9f:33:83:cd:2a,AP_1571
f4:d9:fb:d6:15:c1,AP_1572
f4:d9:fb:d6:09:4e,AP_1573
f4:d9:fb:d2:66:cd,AP_1574
00:08:9f:16:2f:97,AP_1575
f4:d9:fb:d0:0a:a6,AP_1576
f4:d9:fb:d0:0f:2c,AP_1577
00:08:9f:64:0d:74,AP_1578
f4:d9:fb:d0:60:a3,AP_1579
32:cd:a7:96:61:d7,AP_1580
f4:d9:fb:cf:d2:69,AP_1581
f4:d9:fb:d4:2d:c6,AP_1582
f4:d9:fb:d9:ac:29,AP_1583
f4:d9:fb:d6:2d:46,AP_1584
f4:d9:fb:d0:3a:aa,AP_1585
f4:d9:fb:d0:3b:e6,AP_1586
f4:d9:fb:d6:01:0e,AP_1587
f4:d9:fb:d2:7c:4e,AP_1588
f4:d9:fb:cf:b0:a4,AP_1589
f4:d9:fb:d3:ea:41,AP_1590
f4:d9:fb:d6:04:85,AP_1591
f4:d9:fb:c7:69:05,AP_1592
f4:d9:fb:d0:22:ab,AP_1593
f4:d9:fb:d4:2e:4c,AP_1594
f4:d9:fb:cf:87:e5,AP_1595
f4:d9:fb:cf:d1:ad,AP_1596
72:5d:cc:c1:9f:b0,AP_1597
f4:d9:fb:d6:39:0c,AP_1598
