f4:d9:fb:d0:14:2a,AP_1
20:db:ab:92:95:63,AP_2
f4:d9:fb:cf:b2:63,AP_3
f4:d9:fb:cf:a6:2a,AP_4
f4:d9:fb:cf:b2:29,AP_5
f4:d9:fb:d0:45:2b,AP_6
f4:d9:fb:d6:01:09,AP_7
f4:d9:fb:d0:13:a4,AP_8
f4:d9:fb:d0:0c:a4,AP_9
f4:d9:fb:d6:29:01,AP_10
f4:d9:fb:cf:cd:25,AP_11
f4:d9:fb:d2:67:0b,AP_12
f4:d9:fb:d0:0a:a2,AP_13
f4:d9:fb:cf:d1:ea,AP_14
86:25:19:a4:23:b6,AP_15
f4:d9:fb:d0:46:ad,AP_16
f4:d9:fb:d0:14:2d,AP_17
f4:d9:fb:cf:b6:e5,AP_18
f4:d9:fb:d0:66:ea,AP_19
f4:d9:fb:d0:3a:69,AP_20
64:e5:99:a4:f5:4c,AP_21
f4:d9:fb:d9:a7:ec,AP_22
00:08:9f:09:fd:a0,AP_23
f4:d9:fb:cf:cd:2d,AP_24
f4:d9:fb:d0:0c:a9,AP_25
f4:d9:fb:cf:fa:a6,AP_26
f4:d9:fb:d2:7c:42,AP_27
f4:d9:fb:d0:45:25,AP_28
f4:d9:fb:cf:aa:a2,AP_29
f4:d9:fb:cf:fc:6d,AP_30
f4:d9:fb:d4:2d:ca,AP_31
a8:5e:45:f2:b7:24,AP_32
88:36:6c:a1:90:60,AP_33
f4:d9:fb:d0:3b:eb,AP_34
f4:d9:fb:d0:3b:aa,AP_35
f4:d9:fb:d0:0c:ac,AP_36
f4:d9:fb:cf:d1:a6,AP_37
f4:d9:fb:d0:62:ad,AP_38
f4:d9:fb:d2:8d:ca,AP_39
20:db:ab:92:81:0a,AP_40
f4:d9:fb:d2:7e:0e,AP_41
20:db:ab:92:97:ca,AP_42
f4:d9:fb:cf:b6:29,AP_43
20:db:ab:92:9a:6d,AP_44
f4:d9:fb:d3:ea:4c,AP_45
f4:d9:fb:d0:66:e2,AP_46
f4:d9:fb:d0:3b:62,AP_47
f4:d9:fb:d2:8e:0e,AP_48
f4:d9:fb:cf:b6:2b,AP_49
88:36:6c:83:5a:9c,AP_50
e0:5f:b9:a3:5d:37,AP_51
f4:d9:fb:d2:67:02,AP_52
f4:d9:fb:d2:6e:cc,AP_53
f4:d9:fb:cf:d2:ea,AP_54
f4:d9:fb:cf:f1:6a,AP_55
f4:d9:fb:d3:ea:85,AP_56
f4:d9:fb:d0:46:a9,AP_57
70:5d:cc:01:ec:bc,AP_58
90:9f:33:83:cd:2b,AP_59
f4:d9:fb:cf:b2:21,AP_60
f4:d9:fb:d0:39:6d,AP_61
f4:d9:fb:d0:3b:63,AP_62
f4:d9:fb:d0:13:63,AP_63
f4:d9:fb:cf:ce:6a,AP_64
f4:d9:fb:d3:ec:0d,AP_65
f4:d9:fb:cf:ce:24,AP_66
32:cd:a7:96:61:ef,AP_67
f4:d9:fb:cf:ce:21,AP_68
f4:d9:fb:cf:8d:29,AP_69
f4:d9:fb:d0:44:ea,AP_70
f4:d9:fb:cf:fc:6b,AP_71
72:5d:cc:c1:9f:b0,AP_72
f4:d9:fb:cf:ce:2c,AP_73
f4:d9:fb:d2:6e:cd,AP_74
f4:d9:fb:cf:b6:25,AP_75
f4:d9:fb:d0:63:6d,AP_76
f4:d9:fb:cf:d2:e3,AP_77
f4:d9:fb:d0:0c:ae,AP_78
f4:d9:fb:cf:d1:e3,AP_79
f4:d9:fb:d0:65:2d,AP_80
f4:d9:fb:cf:aa:ad,AP_81
f4:d9:fb:cf:b6:e6,AP_82
f4:d9:fb:cf:9f:a2,AP_83
f4:d9:fb:d0:44:ed,AP_84
f4:d9:fb:d4:2e:49,AP_85
f4:d9:fb:d2:8d:ce,AP_86
f4:d9:fb:cf:8d:2e,AP_87
f4:d9:fb:d3:ec:09,AP_88
e0:5f:b9:a3:5d:33,AP_89
f4:d9:fb:c7:7e:44,AP_90
f4:d9:fb:cf:95:e4,AP_91
20:db:ab:92:99:ec,AP_92
f4:d9:fb:cf:d2:6a,AP_93
f4:d9:fb:c7:68:cd,AP_94
f4:d9:fb:cf:f1:6d,AP_95
f4:d9:fb:d6:09:4a,AP_96
32:cd:a7:9b:3a:91,AP_97
20:db:ab:92:95:65,AP_98
f4:d9:fb:cf:97:6c,AP_99
f4:d9:fb:d3:ec:02,AP_100
f4:d9:fb:d3:ea:43,AP_101
f4:d9:fb:cf:fa:e3,AP_102
f4:d9:fb:d0:0f:29,AP_103
f4:d9:fb:d3:ea:41,AP_104
f4:d9:fb:cf:95:e5,AP_105
f4:d9:fb:d0:66:ec,AP_106
32:cd:a7:96:61:d7,AP_107
88:36:6c:b0:3b:6e,AP_108
f4:d9:fb:d0:38:a9,AP_109
f4:d9:fb:d0:0c:a1,AP_110
f4:d9:fb:d2:7e:06,AP_111
20:db:ab:92:81:03,AP_112
f4:d9:fb:d0:67:24,AP_113
f4:d9:fb:d3:eb:0a,AP_114
f4:d9:fb:d0:13:65,AP_115
f4:d9:fb:cf:ce:61,AP_116
f4:d9:fb:d0:3b:e2,AP_117
f4:d9:fb:d2:82:c4,AP_118
f4:d9:fb:d0:38:e1,AP_119
f4:d9:fb:cf:b0:a5,AP_120
f4:d9:fb:d0:67:29,AP_121
f4:d9:fb:d0:3b:ee,AP_122
f4:d9:fb:cf:d9:22,AP_123
f4:d9:fb:d0:0f:2e,AP_124
f4:d9:fb:cf:fa:a1,AP_125
f4:d9:fb:d0:3a:a1,AP_126
f4:d9:fb:d0:24:23,AP_127
88:36:6c:83:5a:9e,AP_128
f4:d9:fb:d0:38:e4,AP_129
f4:d9:fb:d0:3a:a6,AP_130
f4:d9:fb:d0:3a:a4,AP_131
f4:d9:fb:d2:7e:02,AP_132
f4:d9:fb:d4:2f:ce,AP_133
f4:d9:fb:d0:38:ed,AP_134
f4:d9:fb:cf:b6:ee,AP_135
f4:d9:fb:d0:0a:aa,AP_136
2a:56:5a:21:83:62,AP_137
f4:d9:fb:d0:14:6e,AP_138
f4:d9:fb:cf:fa:ec,AP_139
f4:d9:fb:cf:d2:e6,AP_140
f4:d9:fb:cf:fa:a3,AP_141
f4:d9:fb:cf:d9:2c,AP_142
72:5d:cc:9d:22:8a,AP_143
20:db:ab:92:a1:25,AP_144
20:db:ab:92:9a:62,AP_145
f4:d9:fb:d0:3a:a3,AP_146
f4:d9:fb:d0:63:69,AP_147
f4:d9:fb:d0:38:a5,AP_148
f4:d9:fb:d3:ea:46,AP_149
f4:d9:fb:d2:66:c2,AP_150
f4:d9:fb:d0:0c:a2,AP_151
f4:d9:fb:cf:ce:2d,AP_152
70:5d:cc:2d:b1:a6,AP_153
f4:d9:fb:d0:18:ac,AP_154
f4:d9:fb:d2:67:4d,AP_155
f4:d9:fb:cf:b6:ea,AP_156
f4:d9:fb:d0:60:a2,AP_157
f4:d9:fb:d2:6e:c4,AP_158
f4:d9:fb:d2:66:c1,AP_159
f4:d9:fb:d0:44:e5,AP_160
f4:d9:fb:d0:38:e2,AP_161
f4:d9:fb:d6:01:0d,AP_162
f4:d9:fb:d0:3b:e4,AP_163
f4:d9:fb:d0:38:a4,AP_164
f4:d9:fb:d2:7c:44,AP_165
f4:d9:fb:d0:3b:ed,AP_166
f4:d9:fb:d0:3b:a9,AP_167
f4:d9:fb:d6:2d:0d,AP_168
90:9f:33:be:85:94,AP_169
f4:d9:fb:d6:2d:09,AP_170
f4:d9:fb:d0:60:a3,AP_171
f4:d9:fb:d0:65:22,AP_172
f4:d9:fb:cf:fc:64,AP_173
f4:d9:fb:d6:23:4b,AP_174
f4:d9:fb:c7:7e:46,AP_175
f4:d9:fb:d0:13:6a,AP_176
f4:d9:fb:cf:d9:2e,AP_177
f4:d9:fb:d6:15:ca,AP_178
f4:d9:fb:d2:82:c9,AP_179
f4:d9:fb:cf:d1:ab,AP_180
f4:d9:fb:cf:aa:a5,AP_181
f4:d9:fb:cf:d1:ac,AP_182
f4:d9:fb:d2:8e:01,AP_183
f4:d9:fb:cf:cd:26,AP_184
f4:d9:fb:c7:7e:41,AP_185
f4:d9:fb:cf:d1:eb,AP_186
f4:d9:fb:d4:2e:4d,AP_187
f4:d9:fb:cf:d1:a1,AP_188
f4:d9:fb:d0:13:61,AP_189
f4:d9:fb:cf:b0:ae,AP_190
f4:d9:fb:cf:b2:6b,AP_191
f4:d9:fb:d2:8e:0a,AP_192
74:da:da:49:75:7a,AP_193
64:e5:99:00:d0:2c,AP_194
f4:d9:fb:d0:3a:62,AP_195
f4:d9:fb:cf:b6:2a,AP_196
f4:d9:fb:d0:60:a4,AP_197
f4:d9:fb:d0:3a:ac,AP_198
90:cd:b6:5f:88:2c,AP_199
f4:d9:fb:d3:eb:02,AP_200
f4:d9:fb:d0:38:ec,AP_201
f4:d9:fb:cf:b2:22,AP_202
f4:d9:fb:d0:0f:26,AP_203
f4:d9:fb:d0:66:e5,AP_204
f4:d9:fb:d3:eb:0c,AP_205
70:5d:cc:7f:29:24,AP_206
8e:ca:35:92:1f:25,AP_207
f4:d9:fb:cf:b0:a2,AP_208
f4:d9:fb:d2:6e:c6,AP_209
f4:d9:fb:d2:82:c2,AP_210
f4:d9:fb:d2:8d:c5,AP_211
f4:d9:fb:d0:46:ac,AP_212
f4:d9:fb:d0:38:a1,AP_213
f4:d9:fb:d0:0f:25,AP_214
f4:d9:fb:d0:38:e6,AP_215
88:36:6c:13:22:d2,AP_216
f4:d9:fb:cf:cd:29,AP_217
88:36:6c:13:2b:44,AP_218
20:db:ab:92:a1:2b,AP_219
f4:d9:fb:d0:05:29,AP_220
f4:d9:fb:d0:39:6c,AP_221
f4:d9:fb:d0:13:a9,AP_222
f4:d9:fb:d2:7e:09,AP_223
f4:d9:fb:cf:b6:24,AP_224
20:db:ab:92:81:0b,AP_225
00:26:66:ce:8c:98,AP_226
90:9f:33:f1:0e:40,AP_227
f4:d9:fb:d0:46:a4,AP_228
f4:d9:fb:d4:2f:c9,AP_229
20:db:ab:92:97:cc,AP_230
86:25:19:29:9e:66,AP_231
f4:d9:fb:d6:04:8b,AP_232
34:cc:28:05:e1:1d,AP_233
f4:d9:fb:d0:0a:24,AP_234
f4:d9:fb:d2:82:c1,AP_235
c8:9c:1d:aa:91:c4,AP_236
f4:d9:fb:d4:2f:c2,AP_237
f4:d9:fb:d2:82:c5,AP_238
f4:d9:fb:d2:7e:0b,AP_239
f4:d9:fb:c7:68:c9,AP_240
f4:d9:fb:cf:cd:2c,AP_241
64:e5:99:a5:2b:5c,AP_242
f4:d9:fb:d0:14:6c,AP_243
f4:d9:fb:d6:02:8c,AP_244
f4:d9:fb:d6:09:49,AP_245
f4:d9:fb:d0:65:25,AP_246
88:36:6c:13:ef:b6,AP_247
f4:d9:fb:d2:7c:46,AP_248
f4:d9:fb:cf:f1:6c,AP_249
f4:d9:fb:d0:05:2e,AP_250
f4:d9:fb:cf:97:6e,AP_251
f4:d9:fb:d0:12:ab,AP_252
90:9f:33:97:70:68,AP_253
f4:d9:fb:cf:87:e2,AP_254
f4:d9:fb:cf:cd:24,AP_255
f4:d9:fb:cf:b6:e4,AP_256
f4:d9:fb:d0:05:21,AP_257
20:db:ab:92:81:0c,AP_258
f4:d9:fb:cf:d1:ed,AP_259
f4:d9:fb:d0:05:22,AP_260
f4:d9:fb:d2:6e:c3,AP_261
90:9f:33:f2:a6:6c,AP_262
20:db:ab:92:9a:69,AP_263
f4:d9:fb:cf:9f:a1,AP_264
f4:d9:fb:cf:ce:23,AP_265
f4:d9:fb:d2:67:44,AP_266
f4:d9:fb:cf:cd:23,AP_267
20:db:ab:92:81:0d,AP_268
f4:d9:fb:cf:d0:ae,AP_269
f4:d9:fb:d3:ea:89,AP_270
f4:d9:fb:d0:44:e2,AP_271
f4:d9:fb:d0:22:ac,AP_272
f4:d9:fb:d0:62:a4,AP_273
f4:d9:fb:d0:39:66,AP_274
f4:d9:fb:cf:d0:a9,AP_275
f4:d9:fb:d2:8d:cb,AP_276
74:da:da:49:75:7c,AP_277
f4:d9:fb:cf:97:65,AP_278
32:cd:a7:9f:52:d8,AP_279
f4:d9:fb:cf:d9:21,AP_280
f4:d9:fb:d0:14:62,AP_281
f4:d9:fb:d0:13:ad,AP_282
f4:d9:fb:d0:14:22,AP_283
f4:d9:fb:c7:68:cb,AP_284
f4:d9:fb:d9:a7:ed,AP_285
c8:9c:1d:aa:91:cb,AP_286
f4:d9:fb:d0:60:a5,AP_287
f4:d9:fb:d0:38:a3,AP_288
f4:d9:fb:d3:eb:01,AP_289
f4:d9:fb:cf:9f:ad,AP_290
f4:d9:fb:d3:ea:45,AP_291
20:db:ab:92:96:c4,AP_292
f4:d9:fb:cf:9f:a4,AP_293
f4:d9:fb:d0:65:2a,AP_294
f4:d9:fb:d4:2e:46,AP_295
20:db:ab:92:95:66,AP_296
f4:d9:fb:d0:0a:2c,AP_297
f4:d9:fb:d0:66:ed,AP_298
f4:d9:fb:d0:3a:6a,AP_299
f4:d9:fb:cf:f1:64,AP_300
f4:d9:fb:cf:d3:61,AP_301
f4:d9:fb:d0:14:65,AP_302
f4:d9:fb:d0:65:21,AP_303
f4:d9:fb:d0:14:6b,AP_304
f4:d9:fb:cf:9f:aa,AP_305
f4:d9:fb:cf:d3:63,AP_306
f4:d9:fb:d0:62:a6,AP_307
b4:fc:75:14:8b:a1,AP_308
f4:d9:fb:d6:2d:04,AP_309
20:db:ab:92:97:c4,AP_310
f4:d9:fb:d0:05:23,AP_311
f0:92:1c:88:34:9e,AP_312
90:9f:33:c1:5c:1e,AP_313
f4:d9:fb:cf:d3:6d,AP_314
f4:d9:fb:d3:ea:44,AP_315
f4:d9:fb:cf:9f:ab,AP_316
70:5d:cc:65:8e:5c,AP_317
f4:d9:fb:cf:b6:e2,AP_318
f4:d9:fb:d0:45:2d,AP_319
f4:d9:fb:d4:2d:c2,AP_320
f4:d9:fb:d0:14:2c,AP_321
f4:d9:fb:d2:67:46,AP_322
f4:d9:fb:d0:45:2e,AP_323
f4:d9:fb:cf:b6:e1,AP_324
f4:d9:fb:cf:d0:ad,AP_325
f4:d9:fb:cf:fc:63,AP_326
f4:d9:fb:cf:fc:65,AP_327
f4:d9:fb:cf:fa:e4,AP_328
f4:d9:fb:d3:ea:42,AP_329
f4:d9:fb:cf:97:6b,AP_330
f4:d9:fb:d0:67:2d,AP_331
f4:d9:fb:cf:d2:61,AP_332
f4:d9:fb:d2:7c:41,AP_333
f4:d9:fb:d3:ea:4b,AP_334
f4:d9:fb:d0:67:22,AP_335
f4:d9:fb:d0:39:6a,AP_336
f4:d9:fb:cf:fc:6c,AP_337
64:e5:99:40:fc:b4,AP_338
f4:d9:fb:d0:65:2c,AP_339
f4:d9:fb:d0:3b:e1,AP_340
f4:d9:fb:cf:cd:62,AP_341
f4:d9:fb:d0:12:a3,AP_342
f4:d9:fb:cf:f1:69,AP_343
f4:d9:fb:cf:d0:a3,AP_344
f4:d9:fb:d2:8d:cc,AP_345
f4:d9:fb:d6:39:0c,AP_346
f4:d9:fb:cf:cd:2e,AP_347
f4:d9:fb:cf:95:e9,AP_348
f4:d9:fb:cf:ce:25,AP_349
f4:d9:fb:d6:15:c9,AP_350
32:cd:a7:35:7f:46,AP_351
f4:d9:fb:cf:d2:e1,AP_352
70:5d:cc:01:7c:a0,AP_353
f4:d9:fb:cf:aa:a6,AP_354
f4:d9:fb:cf:ce:65,AP_355
f4:d9:fb:cf:b5:eb,AP_356
f4:d9:fb:d0:38:e3,AP_357
f4:d9:fb:d2:6e:c1,AP_358
a8:5e:45:f2:b7:20,AP_359
f4:d9:fb:d0:18:a9,AP_360
f4:d9:fb:d0:0a:ac,AP_361
70:5d:cc:61:0c:a6,AP_362
f4:d9:fb:cf:fc:6a,AP_363
f4:d9:fb:cf:b2:2c,AP_364
f4:d9:fb:cf:95:ed,AP_365
f4:d9:fb:d0:12:ae,AP_366
f4:d9:fb:d0:63:6e,AP_367
f4:d9:fb:cf:d2:e5,AP_368
f4:d9:fb:d2:7c:4d,AP_369
f4:d9:fb:d0:24:2e,AP_370
88:36:6c:13:ef:b4,AP_371
f4:d9:fb:d0:38:a2,AP_372
00:08:9f:cc:1a:f0,AP_373
70:5d:cc:ad:40:66,AP_374
f4:d9:fb:d0:24:29,AP_375
f4:d9:fb:d4:2d:cb,AP_376
f4:d9:fb:d0:67:21,AP_377
f4:d9:fb:d0:63:63,AP_378
70:5d:cc:ad:22:8a,AP_379
f4:d9:fb:cf:d2:6b,AP_380
88:36:6c:94:06:9c,AP_381
f4:d9:fb:d0:60:a1,AP_382
f4:d9:fb:cf:d2:65,AP_383
f4:d9:fb:d0:38:ee,AP_384
f4:d9:fb:c7:68:ca,AP_385
f4:d9:fb:cf:d9:2b,AP_386
f4:d9:fb:d2:66:c3,AP_387
f4:d9:fb:d2:8e:0d,AP_388
f4:d9:fb:d0:18:a3,AP_389
f4:d9:fb:d2:66:c6,AP_390
f4:d9:fb:d2:66:c4,AP_391
f4:d9:fb:d0:3a:6e,AP_392
f4:d9:fb:cf:b2:64,AP_393
f4:d9:fb:cf:a6:2d,AP_394
f4:d9:fb:d0:38:ae,AP_395
f4:d9:fb:d4:2f:c5,AP_396
f4:d9:fb:cf:b0:a6,AP_397
f4:d9:fb:d3:ea:8e,AP_398
f4:d9:fb:cf:d2:eb,AP_399
78:54:2e:4c:ee:70,AP_400
f4:d9:fb:d3:f3:0b,AP_401
f4:d9:fb:cf:8d:2a,AP_402
00:26:66:9d:37:f6,AP_403
f4:d9:fb:cf:a6:21,AP_404
f4:d9:fb:d0:62:ac,AP_405
f4:d9:fb:d2:82:c3,AP_406
f4:d9:fb:d0:3b:e9,AP_407
f4:d9:fb:d6:01:0c,AP_408
f4:d9:fb:d3:ea:8a,AP_409
88:36:6c:c0:01:4c,AP_410
f4:d9:fb:d0:0f:2d,AP_411
f4:d9:fb:d3:f3:0a,AP_412
f4:d9:fb:cf:d3:6c,AP_413
f4:d9:fb:cf:b5:ee,AP_414
f4:d9:fb:d0:0c:a5,AP_415
f4:d9:fb:cf:b6:2d,AP_416
20:db:ab:92:9a:6c,AP_417
90:9f:33:b8:69:72,AP_418
20:db:ab:92:a1:23,AP_419
20:db:ab:92:95:6a,AP_420
f4:d9:fb:cf:97:63,AP_421
f4:d9:fb:d0:14:21,AP_422
f4:d9:fb:d0:22:ab,AP_423
70:5d:cc:72:2d:1e,AP_424
f4:d9:fb:d2:82:cb,AP_425
f4:d9:fb:d0:14:61,AP_426
88:36:6c:13:8d:06,AP_427
e0:5f:b9:a3:5d:34,AP_428
f4:d9:fb:d0:38:e5,AP_429
00:26:66:fd:11:d4,AP_430
90:9f:33:e2:b3:98,AP_431
f4:d9:fb:cf:95:e2,AP_432
f4:d9:fb:cf:f1:6b,AP_433
70:5d:cc:0d:78:5e,AP_434
f4:d9:fb:d0:45:24,AP_435
88:36:6c:4e:98:88,AP_436
f4:d9:fb:d0:3a:63,AP_437
f4:d9:fb:d0:3b:6e,AP_438
20:db:ab:92:81:04,AP_439
f4:d9:fb:cf:d1:e5,AP_440
f4:d9:fb:d6:09:4d,AP_441
f4:d9:fb:d6:04:8a,AP_442
f4:d9:fb:d4:2f:c6,AP_443
f4:d9:fb:d0:65:2e,AP_444
f4:d9:fb:d0:66:ee,AP_445
f4:d9:fb:d0:0a:2b,AP_446
f4:d9:fb:cf:b6:ed,AP_447
f4:d9:fb:cf:9f:a5,AP_448
64:e5:99:d6:52:e8,AP_449
f4:d9:fb:cf:d3:62,AP_450
f4:d9:fb:d4:2f:c1,AP_451
f4:d9:fb:d3:f3:0c,AP_452
f4:d9:fb:d0:18:a5,AP_453
f4:d9:fb:d0:14:6d,AP_454
f4:d9:fb:cf:cd:21,AP_455
f4:d9:fb:d3:ec:05,AP_456
f4:d9:fb:d0:18:ad,AP_457
f4:d9:fb:d0:67:2c,AP_458
f4:d9:fb:cf:cd:6b,AP_459
f4:d9:fb:d0:46:a6,AP_460
f4:d9:fb:cf:a6:25,AP_461
f4:d9:fb:d0:3b:ea,AP_462
f4:d9:fb:cf:d0:a6,AP_463
f4:d9:fb:d0:3b:6a,AP_464
f4:d9:fb:d0:0c:ad,AP_465
f4:d9:fb:cf:97:64,AP_466
f4:d9:fb:d3:eb:0d,AP_467
f4:d9:fb:d4:2e:4e,AP_468
f4:d9:fb:cf:cd:2b,AP_469
f4:d9:fb:d0:38:ad,AP_470
f4:d9:fb:d6:29:03,AP_471
f4:d9:fb:d0:45:2c,AP_472
f4:d9:fb:cf:b6:2c,AP_473
90:9f:33:7f:84:62,AP_474
f4:d9:fb:d0:45:26,AP_475
f4:d9:fb:d3:ec:0b,AP_476
f4:d9:fb:cf:b0:a1,AP_477
da:5d:e2:4a:f0:1f,AP_478
f4:d9:fb:cf:95:e3,AP_479
f4:d9:fb:d2:7e:0c,AP_480
70:5d:cc:6b:43:4a,AP_481
f4:d9:fb:d4:2d:c4,AP_482
70:5d:cc:a5:12:32,AP_483
f4:d9:fb:cf:b2:24,AP_484
f4:d9:fb:d2:7c:49,AP_485
72:5d:cc:41:7c:a0,AP_486
88:36:6c:13:2b:46,AP_487
f4:d9:fb:d0:46:a2,AP_488
f4:d9:fb:d6:23:4c,AP_489
f4:d9:fb:cf:fa:ee,AP_490
f4:d9:fb:d0:0c:aa,AP_491
f4:d9:fb:d0:0a:23,AP_492
f4:d9:fb:d0:63:6b,AP_493
f4:d9:fb:d0:62:a9,AP_494
f4:d9:fb:cf:95:eb,AP_495
f4:d9:fb:d0:39:61,AP_496
86:25:19:a6:4f:c2,AP_497
f4:d9:fb:d2:7e:01,AP_498
64:e5:99:a4:f5:48,AP_499
f4:d9:fb:cf:aa:ae,AP_500
f4:d9:fb:cf:b6:26,AP_501
f4:d9:fb:d0:39:6e,AP_502
f4:d9:fb:d3:ea:4e,AP_503
f4:d9:fb:cf:b0:a3,AP_504
f4:d9:fb:d2:67:41,AP_505
f4:d9:fb:d0:3b:e5,AP_506
f4:d9:fb:d9:a7:eb,AP_507
f4:d9:fb:d9:a7:e9,AP_508
f4:d9:fb:d0:3b:64,AP_509
f4:d9:fb:cf:cd:6e,AP_510
f4:d9:fb:d0:39:69,AP_511
f4:d9:fb:d3:ea:8d,AP_512
fe:3f:db:b9:7a:0f,AP_513
c8:9c:1d:aa:91:c6,AP_514
f4:d9:fb:d6:09:4b,AP_515
d8:07:b6:76:28:67,AP_516
f4:d9:fb:d3:eb:0b,AP_517
f4:d9:fb:d0:3b:6d,AP_518
20:db:ab:92:a1:2a,AP_519
f4:d9:fb:cf:d2:6e,AP_520
f4:d9:fb:cf:fa:e6,AP_521
f4:d9:fb:d2:8e:06,AP_522
f4:d9:fb:cf:b0:ac,AP_523
f4:d9:fb:cf:d3:66,AP_524
f4:d9:fb:d2:82:c6,AP_525
f4:d9:fb:d0:0f:23,AP_526
f4:d9:fb:d2:8d:c6,AP_527
f4:d9:fb:d0:62:a5,AP_528
f4:d9:fb:d0:05:2b,AP_529
f4:d9:fb:d0:45:23,AP_530
f4:d9:fb:d0:38:ac,AP_531
f4:d9:fb:d0:63:6a,AP_532
f4:d9:fb:cf:d0:aa,AP_533
f4:d9:fb:cf:d2:62,AP_534
f4:d9:fb:cf:cd:69,AP_535
f4:d9:fb:d0:39:6b,AP_536
f4:d9:fb:d0:14:2b,AP_537
f4:d9:fb:d2:67:05,AP_538
20:db:ab:92:97:c2,AP_539
f4:d9:fb:d0:14:66,AP_540
f4:d9:fb:cf:fa:ae,AP_541
f4:d9:fb:cf:b2:61,AP_542
f4:d9:fb:cf:97:6a,AP_543
f4:d9:fb:d4:2e:44,AP_544
40:b0:76:58:61:14,AP_545
20:db:ab:92:97:c5,AP_546
86:25:19:a5:74:8d,AP_547
20:db:ab:92:a1:24,AP_548
f4:d9:fb:d0:0a:ab,AP_549
f4:d9:fb:cf:b2:62,AP_550
f4:d9:fb:d0:3b:ec,AP_551
f4:d9:fb:cf:97:61,AP_552
70:5d:cc:5f:60:98,AP_553
f4:d9:fb:cf:d1:e6,AP_554
00:08:9f:16:2f:97,AP_555
f4:d9:fb:cf:b2:2d,AP_556
f4:d9:fb:d3:ec:03,AP_557
f4:d9:fb:d0:62:aa,AP_558
f4:d9:fb:d0:13:ab,AP_559
70:5d:cc:5c:76:52,AP_560
f4:d9:fb:cf:b2:69,AP_561
f4:d9:fb:d4:36:0c,AP_562
f4:d9:fb:cf:d2:63,AP_563
f4:d9:fb:d0:0a:2d,AP_564
f4:d9:fb:c7:68:cc,AP_565
f4:d9:fb:d0:13:66,AP_566
88:36:6c:86:43:a8,AP_567
f4:d9:fb:cf:d2:ec,AP_568
f4:d9:fb:d2:67:4b,AP_569
f4:d9:fb:d0:45:29,AP_570
f4:d9:fb:cf:ce:6c,AP_571
f4:d9:fb:d0:14:23,AP_572
20:db:ab:92:97:c3,AP_573
f4:d9:fb:d0:0a:29,AP_574
f4:d9:fb:d2:8e:03,AP_575
f4:d9:fb:d0:3a:6d,AP_576
f4:d9:fb:cf:d2:ed,AP_577
f4:d9:fb:d6:01:0b,AP_578
f4:d9:fb:d0:60:ac,AP_579
f4:d9:fb:d6:09:4c,AP_580
f4:d9:fb:d2:8d:c9,AP_581
f4:d9:fb:cf:b6:23,AP_582
f4:d9:fb:d2:66:cd,AP_583
f4:d9:fb:cf:d1:e4,AP_584
f4:d9:fb:cf:d9:24,AP_585
f4:d9:fb:cf:d9:23,AP_586
f4:d9:fb:d0:62:a2,AP_587
f4:d9:fb:d0:0a:25,AP_588
f4:d9:fb:d0:12:a2,AP_589
f4:d9:fb:d2:7e:0a,AP_590
f4:d9:fb:d6:23:4a,AP_591
f4:d9:fb:cf:b6:21,AP_592
f4:d9:fb:d3:ea:8c,AP_593
20:db:ab:92:81:05,AP_594
20:32:33:54:b0:42,AP_595
f4:d9:fb:d2:67:0c,AP_596
f4:d9:fb:d4:2d:c1,AP_597
f4:d9:fb:d0:14:6a,AP_598
f4:d9:fb:cf:fc:62,AP_599
f4:d9:fb:d3:eb:05,AP_600
f4:d9:fb:cf:d3:64,AP_601
f4:d9:fb:d4:2d:c5,AP_602
32:cd:a7:96:46:d7,AP_603
88:36:6c:94:06:9e,AP_604
f4:d9:fb:c7:7e:43,AP_605
00:26:66:fb:3e:f8,AP_606
f4:d9:fb:d0:18:a4,AP_607
88:36:6c:13:ee:f6,AP_608
f4:d9:fb:d0:3a:65,AP_609
f4:d9:fb:d0:0f:2c,AP_610
f4:d9:fb:d0:18:aa,AP_611
f4:d9:fb:cf:fc:69,AP_612
70:5d:cc:c2:1c:48,AP_613
f4:d9:fb:d0:14:63,AP_614
f4:d9:fb:cf:9f:a6,AP_615
f4:d9:fb:d6:15:cc,AP_616
e0:5f:b9:a3:5d:35,AP_617
4c:ed:fb:38:25:b4,AP_618
f4:d9:fb:d4:2e:4c,AP_619
f4:d9:fb:cf:fa:ad,AP_620
70:5d:cc:61:0c:a4,AP_621
f4:d9:fb:d2:67:0d,AP_622
54:a0:50:d8:20:68,AP_623
f4:d9:fb:cf:f1:6e,AP_624
20:db:ab:92:99:e4,AP_625
70:5d:cc:32:86:fc,AP_626
f4:d9:fb:cf:b6:e9,AP_627
20:db:ab:92:99:ea,AP_628
f4:d9:fb:cf:d1:aa,AP_629
c8:9c:1d:aa:91:c1,AP_630
f4:d9:fb:d0:3b:65,AP_631
f4:d9:fb:d0:05:2d,AP_632
f4:d9:fb:d2:82:cc,AP_633
f4:d9:fb:d2:7c:4c,AP_634
f4:d9:fb:d0:0a:a9,AP_635
f4:d9:fb:cf:d0:a5,AP_636
f4:d9:fb:d0:0a:ae,AP_637
f4:d9:fb:cf:fa:e9,AP_638
f4:d9:fb:d2:8e:04,AP_639
f4:d9:fb:d0:38:e9,AP_640
f4:d9:fb:d0:22:aa,AP_641
f4:d9:fb:d6:02:8a,AP_642
88:36:6c:c1:04:44,AP_643
f4:d9:fb:cf:cd:2a,AP_644
f4:d9:fb:d0:12:aa,AP_645
f4:d9:fb:d2:66:c9,AP_646
f4:d9:fb:d4:2f:c3,AP_647
f4:d9:fb:d0:44:e6,AP_648
64:e5:99:55:f2:d4,AP_649
f4:d9:fb:cf:97:69,AP_650
f4:d9:fb:d3:f3:0d,AP_651
f4:d9:fb:d2:8e:0c,AP_652
f4:d9:fb:d4:2f:ca,AP_653
f4:d9:fb:cf:b2:23,AP_654
f4:d9:fb:cf:b0:aa,AP_655
f4:d9:fb:cf:fa:ac,AP_656
20:db:ab:92:95:6b,AP_657
f4:d9:fb:d0:3b:69,AP_658
f4:d9:fb:cf:d3:6b,AP_659
f4:d9:fb:d0:14:25,AP_660
f4:d9:fb:cf:fa:e2,AP_661
f4:d9:fb:d0:39:65,AP_662
f4:d9:fb:d0:24:21,AP_663
f4:d9:fb:d0:0f:21,AP_664
70:5d:cc:c1:9f:b0,AP_665
f4:d9:fb:d0:60:ae,AP_666
f4:d9:fb:cf:aa:aa,AP_667
f4:d9:fb:d0:62:ae,AP_668
f4:d9:fb:cf:d1:e2,AP_669
f4:d9:fb:cf:d9:2a,AP_670
f4:d9:fb:cf:d0:ac,AP_671
f4:d9:fb:cf:d3:6a,AP_672
f4:d9:fb:d0:0c:a3,AP_673
f4:d9:fb:cf:b2:2b,AP_674
f4:d9:fb:d2:8d:c3,AP_675
f4:d9:fb:d0:24:2a,AP_676
f4:d9:fb:cf:d9:25,AP_677
f4:d9:fb:d3:ea:81,AP_678
f4:d9:fb:d0:60:ab,AP_679
f4:d9:fb:d0:0a:ad,AP_680
f4:d9:fb:cf:f1:66,AP_681
f4:d9:fb:c7:7e:45,AP_682
88:36:6c:48:31:84,AP_683
20:db:ab:92:9a:6a,AP_684
f4:d9:fb:cf:95:ee,AP_685
f4:d9:fb:cf:d2:e4,AP_686
f4:d9:fb:d3:ea:83,AP_687
f4:d9:fb:d0:14:2e,AP_688
f4:d9:fb:d3:ea:4d,AP_689
f4:d9:fb:d0:67:25,AP_690
c8:9c:1d:aa:91:c7,AP_691
70:5d:cc:06:1d:26,AP_692
f4:d9:fb:d0:0a:a5,AP_693
70:5d:cc:ad:22:88,AP_694
f4:d9:fb:d6:02:8b,AP_695
f4:d9:fb:d4:2d:cc,AP_696
f4:d9:fb:d2:8d:cd,AP_697
f4:d9:fb:d2:8d:c4,AP_698
f4:d9:fb:d2:67:45,AP_699
f4:d9:fb:d2:8e:02,AP_700
f4:d9:fb:cf:cd:6a,AP_701
f4:d9:fb:d0:13:a1,AP_702
f4:d9:fb:d0:46:ae,AP_703
4c:ed:fb:38:25:b0,AP_704
f4:d9:fb:cf:d1:a2,AP_705
f4:d9:fb:d0:05:25,AP_706
f4:d9:fb:cf:9f:ae,AP_707
f4:d9:fb:d0:66:eb,AP_708
f4:d9:fb:cf:b2:2e,AP_709
f4:d9:fb:cf:b0:a9,AP_710
f4:d9:fb:cf:ce:62,AP_711
f4:d9:fb:d6:29:02,AP_712
90:9f:33:d1:03:56,AP_713
f4:d9:fb:d0:66:e9,AP_714
f4:d9:fb:d6:2d:0b,AP_715
f4:d9:fb:d0:0f:2b,AP_716
88:36:6c:17:80:c4,AP_717
f4:d9:fb:d4:2e:41,AP_718
04:5e:a4:47:53:35,AP_719
f4:d9:fb:d4:2d:c3,AP_720
f4:d9:fb:d0:0a:a6,AP_721
f4:d9:fb:d2:7c:4b,AP_722
5e:cb:99:b4:ae:bd,AP_723
c8:9c:1d:aa:91:c8,AP_724
f4:d9:fb:d0:63:61,AP_725
f4:d9:fb:d3:ec:01,AP_726
f4:d9:fb:cf:aa:a4,AP_727
f4:d9:fb:cf:d3:6e,AP_728
f4:d9:fb:d0:39:64,AP_729
f4:d9:fb:d0:18:ab,AP_730
f4:d9:fb:cf:97:6d,AP_731
f4:d9:fb:d2:67:0e,AP_732
f4:d9:fb:d0:3a:aa,AP_733
f4:d9:fb:d2:67:42,AP_734
f4:d9:fb:d0:0a:22,AP_735
70:5d:cc:5f:60:9a,AP_736
f4:d9:fb:d0:65:29,AP_737
90:9f:33:be:85:96,AP_738
f4:d9:fb:d0:13:6d,AP_739
f4:d9:fb:d0:62:a1,AP_740
f4:d9:fb:cf:fa:ed,AP_741
f4:d9:fb:d0:44:eb,AP_742
f4:d9:fb:cf:b6:2e,AP_743
f4:d9:fb:d0:46:a1,AP_744
20:db:ab:92:81:06,AP_745
f4:d9:fb:d0:3a:6c,AP_746
aa:a7:95:55:e6:88,AP_747
f4:d9:fb:d0:3b:e3,AP_748
f4:d9:fb:d0:3a:61,AP_749
f4:d9:fb:cf:d1:ad,AP_750
f4:d9:fb:d0:65:24,AP_751
f4:d9:fb:cf:b2:25,AP_752
f4:d9:fb:d0:3b:61,AP_753
f4:d9:fb:cf:d1:e1,AP_754
f4:d9:fb:cf:aa:ac,AP_755
20:db:ab:92:99:e3,AP_756
20:db:ab:92:99:e1,AP_757
f4:d9:fb:cf:b0:ad,AP_758
f4:d9:fb:d6:09:4e,AP_759
f4:d9:fb:d0:12:ac,AP_760
20:db:ab:92:99:ee,AP_761
f4:d9:fb:cf:b6:ec,AP_762
f4:d9:fb:d2:7c:43,AP_763
f4:d9:fb:d0:13:6b,AP_764
f4:d9:fb:d0:0c:ab,AP_765
f4:d9:fb:cf:b6:22,AP_766
f4:d9:fb:d0:63:65,AP_767
f4:d9:fb:cf:ce:64,AP_768
f4:d9:fb:d0:13:64,AP_769
88:36:6c:14:c5:e6,AP_770
f4:d9:fb:cf:cd:6d,AP_771
f4:d9:fb:cf:ce:6e,AP_772
f4:d9:fb:d4:2e:42,AP_773
f4:d9:fb:cf:ce:26,AP_774
20:db:ab:92:99:e6,AP_775
f4:d9:fb:d2:67:49,AP_776
f4:d9:fb:d0:3b:6c,AP_777
f4:d9:fb:d0:14:69,AP_778
f4:d9:fb:d0:67:23,AP_779
20:db:ab:92:99:eb,AP_780
f4:d9:fb:d4:2e:45,AP_781
f4:d9:fb:cf:cd:6c,AP_782
20:db:ab:92:a1:2c,AP_783
f4:d9:fb:d2:8e:0b,AP_784
f4:d9:fb:d0:60:a9,AP_785
f4:d9:fb:d0:14:24,AP_786
f4:d9:fb:cf:d1:a4,AP_787
88:36:6c:c0:01:4e,AP_788
f4:d9:fb:d2:6e:ca,AP_789
f4:d9:fb:d6:2d:06,AP_790
f4:d9:fb:cf:d2:64,AP_791
f4:d9:fb:cf:cd:65,AP_792
f4:d9:fb:d2:8e:09,AP_793
f4:d9:fb:cf:d0:ab,AP_794
f4:d9:fb:d0:24:26,AP_795
f4:d9:fb:d2:67:04,AP_796
20:db:ab:92:a1:26,AP_797
f4:d9:fb:d0:3a:66,AP_798
f4:d9:fb:cf:b2:65,AP_799
ee:5c:68:4f:81:03,AP_800
f4:d9:fb:cf:a6:29,AP_801
70:5d:cc:32:ab:ca,AP_802
d6:6a:6a:2d:7b:e6,AP_803
20:32:33:54:b3:f4,AP_804
20:db:ab:92:a1:2d,AP_805
f4:d9:fb:cf:cd:22,AP_806
f4:d9:fb:d4:2f:cd,AP_807
f4:d9:fb:cf:d1:a5,AP_808
f4:d9:fb:d0:45:22,AP_809
20:db:ab:92:95:6d,AP_810
20:db:ab:92:99:e2,AP_811
f4:d9:fb:d4:2d:c9,AP_812
f4:d9:fb:d6:2d:0a,AP_813
f4:d9:fb:d0:3b:6b,AP_814
f4:d9:fb:cf:97:62,AP_815
f4:d9:fb:d0:63:66,AP_816
f4:d9:fb:d6:2d:0e,AP_817
f4:d9:fb:d3:ea:84,AP_818
f4:d9:fb:d4:2d:cd,AP_819
f4:d9:fb:d3:eb:0e,AP_820
f4:d9:fb:cf:d0:a4,AP_821
88:36:6c:bb:72:3e,AP_822
78:54:2e:4c:ee:72,AP_823
f4:d9:fb:d6:2d:05,AP_824
f4:d9:fb:cf:ce:69,AP_825
f4:d9:fb:d0:66:e4,AP_826
f4:d9:fb:d0:24:2c,AP_827
f4:d9:fb:d4:2f:cc,AP_828
f4:d9:fb:d0:14:26,AP_829
f4:d9:fb:d0:3a:a9,AP_830
f4:d9:fb:d6:23:4d,AP_831
f4:d9:fb:d0:65:2b,AP_832
f4:d9:fb:cf:d2:6c,AP_833
f4:d9:fb:d6:02:8e,AP_834
f4:d9:fb:cf:d2:66,AP_835
20:db:ab:92:9a:63,AP_836
f4:d9:fb:d4:36:0b,AP_837
f4:d9:fb:cf:a6:24,AP_838
f4:d9:fb:d0:13:69,AP_839
f4:d9:fb:cf:b2:66,AP_840
f4:d9:fb:cf:8d:22,AP_841
f4:d9:fb:cf:d2:69,AP_842
f4:d9:fb:d0:0f:24,AP_843
88:36:6c:b0:4a:7c,AP_844
88:36:6c:83:61:2a,AP_845
64:e5:99:a5:2b:58,AP_846
f4:d9:fb:d0:38:aa,AP_847
f4:d9:fb:c7:7e:4b,AP_848
f4:d9:fb:d0:63:6c,AP_849
f4:d9:fb:cf:d2:ee,AP_850
f4:d9:fb:d2:6e:c5,AP_851
f4:d9:fb:d0:67:2a,AP_852
f4:d9:fb:d2:8d:c2,AP_853
f4:d9:fb:d0:0a:2e,AP_854
f4:d9:fb:d0:05:24,AP_855
f4:d9:fb:cf:a6:2c,AP_856
20:db:ab:92:9a:6e,AP_857
f4:d9:fb:cf:a6:22,AP_858
f4:d9:fb:d3:ec:06,AP_859
70:5d:cc:e5:6a:76,AP_860
20:db:ab:92:95:69,AP_861
f4:d9:fb:cf:b2:6c,AP_862
f4:d9:fb:cf:b2:6e,AP_863
72:5d:cc:41:ec:bc,AP_864
f4:d9:fb:cf:ce:63,AP_865
f4:d9:fb:d2:6e:cb,AP_866
f4:d9:fb:cf:95:e6,AP_867
f4:d9:fb:d0:22:a9,AP_868
f4:d9:fb:d4:2f:c4,AP_869
f4:d9:fb:cf:d3:65,AP_870
20:db:ab:92:9a:65,AP_871
f4:d9:fb:cf:fa:a2,AP_872
86:25:19:a6:d7:77,AP_873
88:36:6c:95:63:48,AP_874
f4:d9:fb:cf:ce:22,AP_875
f4:d9:fb:d0:14:64,AP_876
f4:d9:fb:d2:67:06,AP_877
20:db:ab:92:9a:6b,AP_878
20:db:ab:92:97:c1,AP_879
f4:d9:fb:d2:82:ca,AP_880
f4:d9:fb:d0:44:e9,AP_881
f4:d9:fb:cf:fa:eb,AP_882
f4:d9:fb:d2:82:ce,AP_883
f4:d9:fb:d0:05:2a,AP_884
f4:d9:fb:d4:2e:43,AP_885
f4:d9:fb:d6:29:04,AP_886
f4:d9:fb:d6:01:0a,AP_887
f4:d9:fb:cf:d1:e9,AP_888
f4:d9:fb:d6:29:05,AP_889
20:db:ab:92:97:ce,AP_890
20:db:ab:92:9a:66,AP_891
f4:d9:fb:cf:fa:e1,AP_892
70:5d:cc:5c:76:50,AP_893
f4:d9:fb:d2:7e:05,AP_894
20:db:ab:92:97:c6,AP_895
f4:d9:fb:d4:2f:cb,AP_896
f4:d9:fb:d6:23:42,AP_897
70:5d:cc:93:46:3c,AP_898
20:db:ab:92:a1:22,AP_899
f4:d9:fb:cf:cd:63,AP_900
20:db:ab:92:95:62,AP_901
00:26:66:c5:49:40,AP_902
f4:d9:fb:d3:f3:09,AP_903
f4:d9:fb:d0:18:ae,AP_904
f4:d9:fb:cf:ce:6b,AP_905
f4:d9:fb:cf:b2:26,AP_906
f4:d9:fb:d0:44:ec,AP_907
f4:d9:fb:d4:28:4d,AP_908
90:9f:33:bd:50:6c,AP_909
70:5d:cc:e5:6a:74,AP_910
f4:d9:fb:d6:15:cd,AP_911
f4:d9:fb:d2:66:c5,AP_912
20:db:ab:92:a1:29,AP_913
f4:d9:fb:cf:95:ea,AP_914
00:08:9f:45:ce:8c,AP_915
f4:d9:fb:cf:aa:ab,AP_916
88:36:6c:a1:7f:18,AP_917
f4:d9:fb:d0:24:25,AP_918
f4:d9:fb:cf:b0:ab,AP_919
f4:d9:fb:d0:39:63,AP_920
f4:d9:fb:d2:7c:45,AP_921
f4:d9:fb:cf:fa:a5,AP_922
88:36:6c:b0:3b:6c,AP_923
94:53:30:88:5a:84,AP_924
f4:d9:fb:d2:67:01,AP_925
f4:d9:fb:cf:aa:a3,AP_926
88:36:6c:0c:67:1e,AP_927
f4:d9:fb:d0:38:a6,AP_928
f4:d9:fb:cf:fc:6e,AP_929
f4:d9:fb:d2:67:4a,AP_930
20:db:ab:92:a1:2e,AP_931
f4:d9:fb:cf:95:e1,AP_932
f4:d9:fb:d6:01:0e,AP_933
20:db:ab:92:99:e9,AP_934
f4:d9:fb:d0:66:e6,AP_935
f4:d9:fb:d2:8e:05,AP_936
b4:fc:75:14:84:69,AP_937
90:9f:33:8f:4f:9a,AP_938
f4:d9:fb:cf:ce:2b,AP_939
f4:d9:fb:d0:3a:a2,AP_940
f4:d9:fb:d3:ea:86,AP_941
f4:d9:fb:cf:9f:a9,AP_942
f4:d9:fb:d2:7e:0d,AP_943
f4:d9:fb:d4:2e:4b,AP_944
20:db:ab:92:95:6c,AP_945
f4:d9:fb:cf:f1:63,AP_946
88:36:6c:57:03:78,AP_947
f4:d9:fb:cf:b6:eb,AP_948
f4:d9:fb:d0:14:29,AP_949
f4:d9:fb:cf:fc:61,AP_950
20:db:ab:92:99:e5,AP_951
20:db:ab:92:9a:64,AP_952
f4:d9:fb:cf:fa:ab,AP_953
f4:d9:fb:cf:b0:a4,AP_954
f4:d9:fb:d0:46:a3,AP_955
f4:d9:fb:cf:d1:a9,AP_956
f4:d9:fb:d0:24:22,AP_957
f4:d9:fb:d3:ec:0a,AP_958
f4:d9:fb:d6:23:49,AP_959
c8:9c:1d:aa:91:c5,AP_960
f4:d9:fb:d2:67:09,AP_961
f4:d9:fb:d0:44:e4,AP_962
f4:d9:fb:d2:66:cc,AP_963
f4:d9:fb:d0:46:ab,AP_964
f4:d9:fb:d2:67:03,AP_965
f4:d9:fb:d0:38:ea,AP_966
f4:d9:fb:d0:18:a6,AP_967
f4:d9:fb:d0:46:aa,AP_968
f4:d9:fb:cf:d2:e9,AP_969
f4:d9:fb:cf:fa:aa,AP_970
f4:d9:fb:d6:2d:01,AP_971
f4:d9:fb:d0:60:aa,AP_972
f4:d9:fb:d2:66:ce,AP_973
f4:d9:fb:cf:9f:a3,AP_974
f4:d9:fb:cf:aa:a1,AP_975
f4:d9:fb:d0:46:a5,AP_976
f4:d9:fb:d0:63:62,AP_977
f4:d9:fb:d6:15:cb,AP_978
20:db:ab:92:97:cd,AP_979
f4:d9:fb:cf:8d:2b,AP_980
90:9f:33:97:70:6a,AP_981
f4:d9:fb:d0:0f:22,AP_982
f4:d9:fb:cf:f1:65,AP_983
f4:d9:fb:d0:24:24,AP_984
f4:d9:fb:d2:82:cd,AP_985
f4:d9:fb:d2:7e:04,AP_986
f4:d9:fb:d2:7e:03,AP_987
f4:d9:fb:d0:45:21,AP_988
f4:d9:fb:d0:44:e3,AP_989
70:5d:cc:ad:40:64,AP_990
00:08:9f:64:0d:74,AP_991
f4:d9:fb:d0:13:a6,AP_992
f4:d9:fb:d6:39:0d,AP_993
f4:d9:fb:d0:3a:a5,AP_994
70:5d:cc:57:c1:fa,AP_995
f4:d9:fb:d3:ea:8b,AP_996
f4:d9:fb:cf:d1:ae,AP_997
f4:d9:fb:cf:ce:2a,AP_998
90:9f:33:a2:ac:ac,AP_999
f4:d9:fb:d2:7c:4e,AP_1000
f4:d9:fb:cf:a6:23,AP_1001
f4:d9:fb:d4:2e:4a,AP_1002
f4:d9:fb:d3:ec:04,AP_1003
f4:d9:fb:d3:ea:4a,AP_1004
d8:07:b6:76:28:66,AP_1005
f4:d9:fb:cf:d0:a1,AP_1006
f4:d9:fb:d3:ea:82,AP_1007
f4:d9:fb:cf:d1:a3,AP_1008
f4:d9:fb:cf:a6:2b,AP_1009
20:db:ab:92:97:cb,AP_1010
f4:d9:fb:d0:3a:ad,AP_1011
f4:d9:fb:d2:8d:c1,AP_1012
f4:d9:fb:d6:02:8d,AP_1013
f4:d9:fb:d2:67:4c,AP_1014
70:5d:cc:dc:08:64,AP_1015
64:e5:99:40:d9:18,AP_1016
f4:d9:fb:d0:13:62,AP_1017
f4:d9:fb:cf:d9:29,AP_1018
f4:d9:fb:cf:f1:62,AP_1019
f4:d9:fb:cf:fa:ea,AP_1020
88:36:6c:57:03:7a,AP_1021
f4:d9:fb:cf:cd:64,AP_1022
f4:d9:fb:d0:0a:2a,AP_1023
f4:d9:fb:d0:3a:ae,AP_1024
f4:d9:fb:c7:7e:42,AP_1025
f4:d9:fb:cf:9f:ac,AP_1026
f4:d9:fb:cf:d1:ec,AP_1027
f4:d9:fb:cf:ce:2e,AP_1028
f4:d9:fb:d0:12:a5,AP_1029
f4:d9:fb:d0:24:2b,AP_1030
42:b8:9a:47:69:47,AP_1031
e0:5f:b9:a3:5d:31,AP_1032
f4:d9:fb:d0:13:6c,AP_1033
f4:d9:fb:cf:d2:e2,AP_1034
f4:d9:fb:d3:eb:03,AP_1035
f4:d9:fb:d9:a7:ea,AP_1036
f4:d9:fb:cf:d9:2d,AP_1037
f4:d9:fb:d0:44:ee,AP_1038
c4:e9:84:9c:a6:90,AP_1039
88:36:6c:67:f6:02,AP_1040
64:e5:99:9f:45:a2,AP_1041
f4:d9:fb:cf:ce:29,AP_1042
f4:d9:fb:cf:b6:e3,AP_1043
20:db:ab:92:97:c9,AP_1044
f4:d9:fb:cf:f1:61,AP_1045
f4:d9:fb:d0:44:e1,AP_1046
f4:d9:fb:d0:0f:2a,AP_1047
f4:d9:fb:d9:ac:2e,AP_1048
20:db:ab:92:95:64,AP_1049
f4:d9:fb:cf:b2:6d,AP_1050
f4:d9:fb:d0:67:26,AP_1051
f4:d9:fb:d3:ec:0c,AP_1052
f4:d9:fb:d0:62:a3,AP_1053
f4:d9:fb:cf:b2:2a,AP_1054
f4:d9:fb:d2:66:cb,AP_1055
f4:d9:fb:d0:12:a4,AP_1056
f4:d9:fb:d3:ea:49,AP_1057
f4:d9:fb:cf:ce:6d,AP_1058
f4:d9:fb:d2:67:0a,AP_1059
f4:d9:fb:cf:fa:a4,AP_1060
f4:d9:fb:d2:66:ca,AP_1061
f4:d9:fb:d4:2d:ce,AP_1062
f4:d9:fb:d0:13:ae,AP_1063
f4:d9:fb:d0:3a:6b,AP_1064
8a:36:6c:ca:12:f8,AP_1065
f4:d9:fb:d2:6e:c2,AP_1066
f4:d9:fb:d9:a7:ee,AP_1067
f4:d9:fb:d0:65:23,AP_1068
32:cd:a7:ec:29:78,AP_1069
f4:d9:fb:d0:38:eb,AP_1070
f4:d9:fb:d4:2d:c6,AP_1071
88:36:6c:14:64:7a,AP_1072
f4:d9:fb:d6:2d:0c,AP_1073
f4:d9:fb:c7:7e:49,AP_1074
f4:d9:fb:d0:13:ac,AP_1075
f4:d9:fb:d0:18:a2,AP_1076
f4:d9:fb:cf:fa:e5,AP_1077
f4:d9:fb:d0:24:2d,AP_1078
f4:d9:fb:d2:7c:4a,AP_1079
f4:d9:fb:cf:d2:6d,AP_1080
f4:d9:fb:d0:3b:66,AP_1081
f4:d9:fb:d0:60:ad,AP_1082
f4:d9:fb:d0:38:ab,AP_1083
f4:d9:fb:cf:95:ec,AP_1084
00:26:66:6a:31:50,AP_1085
40:b0:76:58:61:10,AP_1086
f4:d9:fb:d2:67:4e,AP_1087
f4:d9:fb:cf:d0:a2,AP_1088
f4:d9:fb:cf:8d:2d,AP_1089
f4:d9:fb:d0:3a:64,AP_1090
f4:d9:fb:d0:18:a1,AP_1091
f4:d9:fb:d2:67:43,AP_1092
f4:d9:fb:d0:13:a5,AP_1093
f4:d9:fb:d0:13:6e,AP_1094
f4:d9:fb:d6:15:ce,AP_1095
f4:d9:fb:d0:05:2c,AP_1096
fa:d0:27:3a:5c:5a,AP_1097
f4:d9:fb:cf:d3:69,AP_1098
f4:d9:fb:d0:45:2a,AP_1099
20:db:ab:92:99:ed,AP_1100
84:72:07:40:24:a8,AP_1101
f4:d9:fb:d0:0c:a6,AP_1102
f4:d9:fb:cf:8d:2c,AP_1103
f4:d9:fb:d0:13:a2,AP_1104
f4:d9:fb:cf:fa:a9,AP_1105
f4:d9:fb:d3:eb:04,AP_1106
90:9f:33:a2:ac:ae,AP_1107
f4:d9:fb:d0:3a:ab,AP_1108
c8:9c:1d:aa:91:c3,AP_1109
f4:d9:fb:d4:36:0d,AP_1110
f4:d9:fb:d0:67:2b,AP_1111
f4:d9:fb:d6:29:06,AP_1112
f4:d9:fb:cf:b2:6a,AP_1113
f4:d9:fb:d0:62:ab,AP_1114
20:db:ab:92:81:02,AP_1115
e0:5f:b9:a3:5d:36,AP_1116
f4:d9:fb:cf:d1:ee,AP_1117
f4:d9:fb:d0:63:64,AP_1118
4a:e0:4f:c1:3f:b2,AP_1119
